shot_id,unit_order,sequence_id,feature_unit_id,primary_scene_id,feature_unit_title,shot_role,location,time_period,frame_brief,character_or_action_focus,camera_and_lens,lighting_and_palette,sound_or_transition,practical_vfx_note,evidence_ids,adaptation_decision_ids,visual_classification,asset_status
SB-001-1,1,SEQ-01,FU-001,SC-039,Before the City Wakes,ENTRY,Puhar harbour market and performance quarter,Festival dawn,Establish Puhar harbour market and performance quarter as lived space before foregrounding “Before the City Wakes.”,"Environment, labour and access relationships",28mm human-scale establishing frame; restrained lateral movement,"Puhar: humid gold, indigo shade, dyed textile colour; no fantasy glow",Carry sound from the previous unit into this geography,"Prefer practical environment, crowd and object interaction; use VFX for extension or sacred discontinuity only, never as evidence.",EV-0103;EV-0104;EV-0119;EV-0005;EV-0007;EV-0008;EV-0010;EV-0027;EV-0033;EV-0003;EV-0004;EV-0028;EV-0029;EV-0030;EV-0031;EV-0048;EV-0051;EV-0090;EV-0093;EV-0098;EV-0101,AD-0047;AD-0048;AD-0003;AD-0005;AD-0006;AD-0009;AD-0001;AD-0012;AD-0021;AD-0024;AD-0041;AD-0042;AD-0043,[INTERPRETATION] grounded in registered evidence and decisions,DESCRIPTION_READY
SB-001-2,1,SEQ-01,FU-001,SC-039,Before the City Wakes,DECISION,Puhar harbour market and performance quarter,Festival dawn,Stage the unit's decisive movement: Reveal loaders grain handlers flower workers musicians cleaners and animal keepers creating the festival before elite arrival,"The person making, resisting or receiving the consequential action",50mm observed action; camera remains at participant height,"Puhar: humid gold, indigo shade, dyed textile colour; no fantasy glow",Let action and listening lead; music must not pre-decide moral meaning,"Prefer practical environment, crowd and object interaction; use VFX for extension or sacred discontinuity only, never as evidence.",EV-0103;EV-0104;EV-0119;EV-0005;EV-0007;EV-0008;EV-0010;EV-0027;EV-0033;EV-0003;EV-0004;EV-0028;EV-0029;EV-0030;EV-0031;EV-0048;EV-0051;EV-0090;EV-0093;EV-0098;EV-0101,AD-0047;AD-0048;AD-0003;AD-0005;AD-0006;AD-0009;AD-0001;AD-0012;AD-0021;AD-0024;AD-0041;AD-0042;AD-0043,[INTERPRETATION] grounded in registered evidence and decisions,DESCRIPTION_READY
SB-001-3,1,SEQ-01,FU-001,SC-039,Before the City Wakes,CONSEQUENCE,Puhar harbour market and performance quarter,Festival dawn,Hold the changed condition after “Before the City Wakes” and hand it to the next unit.,"Material consequence, witness, object or altered relationship",75mm consequence detail or environmental handoff,"Puhar: humid gold, indigo shade, dyed textile colour; no fantasy glow",Use the registered spatial_or_montage transition,"Prefer practical environment, crowd and object interaction; use VFX for extension or sacred discontinuity only, never as evidence.",EV-0103;EV-0104;EV-0119;EV-0005;EV-0007;EV-0008;EV-0010;EV-0027;EV-0033;EV-0003;EV-0004;EV-0028;EV-0029;EV-0030;EV-0031;EV-0048;EV-0051;EV-0090;EV-0093;EV-0098;EV-0101,AD-0047;AD-0048;AD-0003;AD-0005;AD-0006;AD-0009;AD-0001;AD-0012;AD-0021;AD-0024;AD-0041;AD-0042;AD-0043,[INTERPRETATION] grounded in registered evidence and decisions,DESCRIPTION_READY
SB-002-1,2,SEQ-01,FU-002,SC-002,The Proclamation and the Sceptre,ENTRY,Puhar civic route,Festival day 1,Establish Puhar civic route as lived space before foregrounding “The Proclamation and the Sceptre.”,"Environment, labour and access relationships",40mm relational master preserving distance and power,"Puhar: humid gold, indigo shade, dyed textile colour; no fantasy glow",Carry sound from the previous unit into this geography,"Prefer practical environment, crowd and object interaction; use VFX for extension or sacred discontinuity only, never as evidence.",EV-0001;EV-0002;EV-0003;EV-0004;EV-0025;EV-0033;EV-0122,AD-0001;AD-0002;AD-0008;AD-0009;AD-0056,[INTERPRETATION] grounded in registered evidence and decisions,DESCRIPTION_READY
SB-002-2,2,SEQ-01,FU-002,SC-002,The Proclamation and the Sceptre,DECISION,Puhar civic route,Festival day 1,Stage the unit's decisive movement: Announce festival and its promise of order and abundance,"The person making, resisting or receiving the consequential action",65mm listening single; reaction before assertion,"Puhar: humid gold, indigo shade, dyed textile colour; no fantasy glow",Let action and listening lead; music must not pre-decide moral meaning,"Prefer practical environment, crowd and object interaction; use VFX for extension or sacred discontinuity only, never as evidence.",EV-0001;EV-0002;EV-0003;EV-0004;EV-0025;EV-0033;EV-0122,AD-0001;AD-0002;AD-0008;AD-0009;AD-0056,[INTERPRETATION] grounded in registered evidence and decisions,DESCRIPTION_READY
SB-002-3,2,SEQ-01,FU-002,SC-002,The Proclamation and the Sceptre,CONSEQUENCE,Puhar civic route,Festival day 1,Hold the changed condition after “The Proclamation and the Sceptre” and hand it to the next unit.,"Material consequence, witness, object or altered relationship",50mm two-plane reversal or exit,"Puhar: humid gold, indigo shade, dyed textile colour; no fantasy glow",Use the registered continuous_scene transition,"Prefer practical environment, crowd and object interaction; use VFX for extension or sacred discontinuity only, never as evidence.",EV-0001;EV-0002;EV-0003;EV-0004;EV-0025;EV-0033;EV-0122,AD-0001;AD-0002;AD-0008;AD-0009;AD-0056,[INTERPRETATION] grounded in registered evidence and decisions,DESCRIPTION_READY
SB-003-1,3,SEQ-01,FU-003,SC-073,The House Does Not Dance,ENTRY,Madhavi household in Puhar,Festival dawn,Establish Madhavi household in Puhar as lived space before foregrounding “The House Does Not Dance.”,"Environment, labour and access relationships",28mm human-scale establishing frame; restrained lateral movement,"Puhar: humid gold, indigo shade, dyed textile colour; no fantasy glow",Carry sound from the previous unit into this geography,"Prefer practical environment, crowd and object interaction; use VFX for extension or sacred discontinuity only, never as evidence.",EV-0164;EV-0166;EV-0170;EV-0176;EV-0021;EV-0022;EV-0025;EV-0034;EV-0104;EV-0163;EV-0174;EV-0175;EV-0178;EV-0227;EV-0228;EV-0229;EV-0241,AD-0081;AD-0082;AD-0086;AD-0087;AD-0008;AD-0009;AD-0010;AD-0012;AD-0048;AD-0084;AD-0089;AD-0118;AD-0119,[INTERPRETATION] grounded in registered evidence and decisions,DESCRIPTION_READY
SB-003-2,3,SEQ-01,FU-003,SC-073,The House Does Not Dance,DECISION,Madhavi household in Puhar,Festival dawn,Stage the unit's decisive movement: Establish renunciation through changed labour rooms access and public expectation rather than a simple costume reveal,"The person making, resisting or receiving the consequential action",50mm observed action; camera remains at participant height,"Puhar: humid gold, indigo shade, dyed textile colour; no fantasy glow",Let action and listening lead; music must not pre-decide moral meaning,"Prefer practical environment, crowd and object interaction; use VFX for extension or sacred discontinuity only, never as evidence.",EV-0164;EV-0166;EV-0170;EV-0176;EV-0021;EV-0022;EV-0025;EV-0034;EV-0104;EV-0163;EV-0174;EV-0175;EV-0178;EV-0227;EV-0228;EV-0229;EV-0241,AD-0081;AD-0082;AD-0086;AD-0087;AD-0008;AD-0009;AD-0010;AD-0012;AD-0048;AD-0084;AD-0089;AD-0118;AD-0119,[INTERPRETATION] grounded in registered evidence and decisions,DESCRIPTION_READY
SB-003-3,3,SEQ-01,FU-003,SC-073,The House Does Not Dance,CONSEQUENCE,Madhavi household in Puhar,Festival dawn,Hold the changed condition after “The House Does Not Dance” and hand it to the next unit.,"Material consequence, witness, object or altered relationship",75mm consequence detail or environmental handoff,"Puhar: humid gold, indigo shade, dyed textile colour; no fantasy glow",Use the registered continuous_scene transition,"Prefer practical environment, crowd and object interaction; use VFX for extension or sacred discontinuity only, never as evidence.",EV-0164;EV-0166;EV-0170;EV-0176;EV-0021;EV-0022;EV-0025;EV-0034;EV-0104;EV-0163;EV-0174;EV-0175;EV-0178;EV-0227;EV-0228;EV-0229;EV-0241,AD-0081;AD-0082;AD-0086;AD-0087;AD-0008;AD-0009;AD-0010;AD-0012;AD-0048;AD-0084;AD-0089;AD-0118;AD-0119,[INTERPRETATION] grounded in registered evidence and decisions,DESCRIPTION_READY
SB-004-1,4,SEQ-01,BR-001,SC-097,Madhavi Brings the Unspeakable,ENTRY,Aravana's religious dwelling in Puhar,Pre-story or Act I memory,Establish Aravana's religious dwelling in Puhar as lived space before foregrounding “Madhavi Brings the Unspeakable.”,"Environment, labour and access relationships",28mm human-scale establishing frame; restrained lateral movement,"Puhar: humid gold, indigo shade, dyed textile colour; no fantasy glow",Carry sound from the previous unit into this geography,"Prefer practical environment, crowd and object interaction; use VFX for extension or sacred discontinuity only, never as evidence.",EV-0215;EV-0165;EV-0167,AD-0081;AD-0084;AD-0109;AD-0117,[INTERPRETATION] grounded in registered evidence and decisions,DESCRIPTION_READY
SB-004-2,4,SEQ-01,BR-001,SC-097,Madhavi Brings the Unspeakable,DECISION,Aravana's religious dwelling in Puhar,Pre-story or Act I memory,Stage the unit's decisive movement: Establish the teacher as receiver of Kovalan's death and Madhavi's grief without turning her into a penitent awaiting male purification,"The person making, resisting or receiving the consequential action",50mm observed action; camera remains at participant height,"Puhar: humid gold, indigo shade, dyed textile colour; no fantasy glow",Let action and listening lead; music must not pre-decide moral meaning,"Prefer practical environment, crowd and object interaction; use VFX for extension or sacred discontinuity only, never as evidence.",EV-0215;EV-0165;EV-0167,AD-0081;AD-0084;AD-0109;AD-0117,[INTERPRETATION] grounded in registered evidence and decisions,DESCRIPTION_READY
SB-004-3,4,SEQ-01,BR-001,SC-097,Madhavi Brings the Unspeakable,CONSEQUENCE,Aravana's religious dwelling in Puhar,Pre-story or Act I memory,Hold the changed condition after “Madhavi Brings the Unspeakable” and hand it to the next unit.,"Material consequence, witness, object or altered relationship",75mm consequence detail or environmental handoff,"Puhar: humid gold, indigo shade, dyed textile colour; no fantasy glow",Use the registered memory_inset transition,"Prefer practical environment, crowd and object interaction; use VFX for extension or sacred discontinuity only, never as evidence.",EV-0215;EV-0165;EV-0167,AD-0081;AD-0084;AD-0109;AD-0117,[INTERPRETATION] grounded in registered evidence and decisions,DESCRIPTION_READY
SB-005-1,5,SEQ-01,FU-004,SC-075,A Daughter Is Not a Second Life,ENTRY,Madhavi household council space,Act I,Establish Madhavi household council space as lived space before foregrounding “A Daughter Is Not a Second Life.”,"Environment, labour and access relationships",35mm spatial master linking person and institution,"Puhar: humid gold, indigo shade, dyed textile colour; no fantasy glow",Carry sound from the previous unit into this geography,"Prefer practical environment, crowd and object interaction; use VFX for extension or sacred discontinuity only, never as evidence.",EV-0165;EV-0169;EV-0171;EV-0177;EV-0130;EV-0131;EV-0142;EV-0145;EV-0104;EV-0147;EV-0150;EV-0158;EV-0234;EV-0240,AD-0083;AD-0085;AD-0088;AD-0063;AD-0064;AD-0065;AD-0070;AD-0048;AD-0072;AD-0077;AD-0122,[INTERPRETATION] grounded in registered evidence and decisions,DESCRIPTION_READY
SB-005-2,5,SEQ-01,FU-004,SC-075,A Daughter Is Not a Second Life,DECISION,Madhavi household council space,Act I,Stage the unit's decisive movement: Bring Madhavi Chitrapathi and Manimekalai into conflict over whether protection continuity or renunciation may be assigned to the younger woman,"The person making, resisting or receiving the consequential action",50mm decisive action or exchange,"Puhar: humid gold, indigo shade, dyed textile colour; no fantasy glow",Let action and listening lead; music must not pre-decide moral meaning,"Prefer practical environment, crowd and object interaction; use VFX for extension or sacred discontinuity only, never as evidence.",EV-0165;EV-0169;EV-0171;EV-0177;EV-0130;EV-0131;EV-0142;EV-0145;EV-0104;EV-0147;EV-0150;EV-0158;EV-0234;EV-0240,AD-0083;AD-0085;AD-0088;AD-0063;AD-0064;AD-0065;AD-0070;AD-0048;AD-0072;AD-0077;AD-0122,[INTERPRETATION] grounded in registered evidence and decisions,DESCRIPTION_READY
SB-005-3,5,SEQ-01,FU-004,SC-075,A Daughter Is Not a Second Life,CONSEQUENCE,Madhavi household council space,Act I,Hold the changed condition after “A Daughter Is Not a Second Life” and hand it to the next unit.,"Material consequence, witness, object or altered relationship",65mm knowledge-change detail leading the transition,"Puhar: humid gold, indigo shade, dyed textile colour; no fantasy glow",Use the registered continuous_scene transition,"Prefer practical environment, crowd and object interaction; use VFX for extension or sacred discontinuity only, never as evidence.",EV-0165;EV-0169;EV-0171;EV-0177;EV-0130;EV-0131;EV-0142;EV-0145;EV-0104;EV-0147;EV-0150;EV-0158;EV-0234;EV-0240,AD-0083;AD-0085;AD-0088;AD-0063;AD-0064;AD-0065;AD-0070;AD-0048;AD-0072;AD-0077;AD-0122,[INTERPRETATION] grounded in registered evidence and decisions,DESCRIPTION_READY
SB-006-1,6,SEQ-01,FU-005,SC-009,Many Paths Under One Roof,ENTRY,Puhar festival debate hall,Act I,Establish Puhar festival debate hall as lived space before foregrounding “Many Paths Under One Roof.”,"Environment, labour and access relationships",35mm spatial master linking person and institution,"Puhar: humid gold, indigo shade, dyed textile colour; no fantasy glow",Carry sound from the previous unit into this geography,"Prefer practical environment, crowd and object interaction; use VFX for extension or sacred discontinuity only, never as evidence.",EV-0035;EV-0037;EV-0045;EV-0047,AD-0014;AD-0018;AD-0020,[INTERPRETATION] grounded in registered evidence and decisions,DESCRIPTION_READY
SB-006-2,6,SEQ-01,FU-005,SC-009,Many Paths Under One Roof,DECISION,Puhar festival debate hall,Act I,Stage the unit's decisive movement: Establish intellectual plurality and civic rivalry before Manimekalai's formal philosophical journey,"The person making, resisting or receiving the consequential action",50mm decisive action or exchange,"Puhar: humid gold, indigo shade, dyed textile colour; no fantasy glow",Let action and listening lead; music must not pre-decide moral meaning,"Prefer practical environment, crowd and object interaction; use VFX for extension or sacred discontinuity only, never as evidence.",EV-0035;EV-0037;EV-0045;EV-0047,AD-0014;AD-0018;AD-0020,[INTERPRETATION] grounded in registered evidence and decisions,DESCRIPTION_READY
SB-006-3,6,SEQ-01,FU-005,SC-009,Many Paths Under One Roof,CONSEQUENCE,Puhar festival debate hall,Act I,Hold the changed condition after “Many Paths Under One Roof” and hand it to the next unit.,"Material consequence, witness, object or altered relationship",65mm knowledge-change detail leading the transition,"Puhar: humid gold, indigo shade, dyed textile colour; no fantasy glow",Use the registered continuous_scene transition,"Prefer practical environment, crowd and object interaction; use VFX for extension or sacred discontinuity only, never as evidence.",EV-0035;EV-0037;EV-0045;EV-0047,AD-0014;AD-0018;AD-0020,[INTERPRETATION] grounded in registered evidence and decisions,DESCRIPTION_READY
SB-007-1,7,SEQ-02,FU-006,SC-081,The Safer Side of the Street,ENTRY,Puhar public route,Act I,Establish Puhar public route as lived space before foregrounding “The Safer Side of the Street.”,"Environment, labour and access relationships",35mm spatial master linking person and institution,"Puhar: humid gold, indigo shade, dyed textile colour; no fantasy glow",Carry sound from the previous unit into this geography,"Prefer practical environment, crowd and object interaction; use VFX for extension or sacred discontinuity only, never as evidence.",EV-0180;EV-0190;EV-0191,AD-0093;AD-0094;AD-0096;AD-0098,[INTERPRETATION] grounded in registered evidence and decisions,DESCRIPTION_READY
SB-007-2,7,SEQ-02,FU-006,SC-081,The Safer Side of the Street,DECISION,Puhar public route,Act I,Stage the unit's decisive movement: Establish Sudhamathi's ordinary competence through route choice crowd reading and mutual conversation before overt danger begins,"The person making, resisting or receiving the consequential action",50mm decisive action or exchange,"Puhar: humid gold, indigo shade, dyed textile colour; no fantasy glow",Let action and listening lead; music must not pre-decide moral meaning,"Prefer practical environment, crowd and object interaction; use VFX for extension or sacred discontinuity only, never as evidence.",EV-0180;EV-0190;EV-0191,AD-0093;AD-0094;AD-0096;AD-0098,[INTERPRETATION] grounded in registered evidence and decisions,DESCRIPTION_READY
SB-007-3,7,SEQ-02,FU-006,SC-081,The Safer Side of the Street,CONSEQUENCE,Puhar public route,Act I,Hold the changed condition after “The Safer Side of the Street” and hand it to the next unit.,"Material consequence, witness, object or altered relationship",65mm knowledge-change detail leading the transition,"Puhar: humid gold, indigo shade, dyed textile colour; no fantasy glow",Use the registered continuous_scene transition,"Prefer practical environment, crowd and object interaction; use VFX for extension or sacred discontinuity only, never as evidence.",EV-0180;EV-0190;EV-0191,AD-0093;AD-0094;AD-0096;AD-0098,[INTERPRETATION] grounded in registered evidence and decisions,DESCRIPTION_READY
SB-008-1,8,SEQ-02,FU-007,SC-082,Her Story Changes the Map,ENTRY,Protected garden space,Act I,Establish Protected garden space as lived space before foregrounding “Her Story Changes the Map.”,"Environment, labour and access relationships",35mm spatial master linking person and institution,"Puhar: humid gold, indigo shade, dyed textile colour; no fantasy glow",Carry sound from the previous unit into this geography,"Prefer practical environment, crowd and object interaction; use VFX for extension or sacred discontinuity only, never as evidence.",EV-0181;EV-0182;EV-0192;EV-0133;EV-0145,AD-0092;AD-0095;AD-0066;AD-0069,[INTERPRETATION] grounded in registered evidence and decisions,DESCRIPTION_READY
SB-008-2,8,SEQ-02,FU-007,SC-082,Her Story Changes the Map,DECISION,Protected garden space,Act I,Stage the unit's decisive movement: Give Sudhamathi ownership of her earlier ordeal so the city and its risks are reinterpreted through survival injury and household collapse,"The person making, resisting or receiving the consequential action",50mm decisive action or exchange,"Puhar: humid gold, indigo shade, dyed textile colour; no fantasy glow",Let action and listening lead; music must not pre-decide moral meaning,"Prefer practical environment, crowd and object interaction; use VFX for extension or sacred discontinuity only, never as evidence.",EV-0181;EV-0182;EV-0192;EV-0133;EV-0145,AD-0092;AD-0095;AD-0066;AD-0069,[INTERPRETATION] grounded in registered evidence and decisions,DESCRIPTION_READY
SB-008-3,8,SEQ-02,FU-007,SC-082,Her Story Changes the Map,CONSEQUENCE,Protected garden space,Act I,Hold the changed condition after “Her Story Changes the Map” and hand it to the next unit.,"Material consequence, witness, object or altered relationship",65mm knowledge-change detail leading the transition,"Puhar: humid gold, indigo shade, dyed textile colour; no fantasy glow",Use the registered continuous_scene transition,"Prefer practical environment, crowd and object interaction; use VFX for extension or sacred discontinuity only, never as evidence.",EV-0181;EV-0182;EV-0192;EV-0133;EV-0145,AD-0092;AD-0095;AD-0066;AD-0069,[INTERPRETATION] grounded in registered evidence and decisions,DESCRIPTION_READY
SB-009-1,9,SEQ-02,FU-008,SC-055,The Gaze Arrives Before the Prince,ENTRY,Puhar flower garden and public route,Act I,Establish Puhar flower garden and public route as lived space before foregrounding “The Gaze Arrives Before the Prince.”,"Environment, labour and access relationships",35mm spatial master linking person and institution,"Puhar: humid gold, indigo shade, dyed textile colour; no fantasy glow",Carry sound from the previous unit into this geography,"Prefer practical environment, crowd and object interaction; use VFX for extension or sacred discontinuity only, never as evidence.",EV-0021;EV-0024;EV-0132;EV-0140;EV-0146;EV-0022;EV-0025;EV-0183;EV-0184;EV-0190;EV-0197;EV-0201,AD-0061;AD-0062;AD-0008;AD-0010;AD-0012;AD-0094;AD-0098;AD-0101;AD-0102,[INTERPRETATION] grounded in registered evidence and decisions,DESCRIPTION_READY
SB-009-2,9,SEQ-02,FU-008,SC-055,The Gaze Arrives Before the Prince,DECISION,Puhar flower garden and public route,Act I,Stage the unit's decisive movement: Show Manimekalai becoming socially visible and watched before Udayakumaran enters without making the camera share entitlement,"The person making, resisting or receiving the consequential action",50mm decisive action or exchange,"Puhar: humid gold, indigo shade, dyed textile colour; no fantasy glow",Let action and listening lead; music must not pre-decide moral meaning,"Prefer practical environment, crowd and object interaction; use VFX for extension or sacred discontinuity only, never as evidence.",EV-0021;EV-0024;EV-0132;EV-0140;EV-0146;EV-0022;EV-0025;EV-0183;EV-0184;EV-0190;EV-0197;EV-0201,AD-0061;AD-0062;AD-0008;AD-0010;AD-0012;AD-0094;AD-0098;AD-0101;AD-0102,[INTERPRETATION] grounded in registered evidence and decisions,DESCRIPTION_READY
SB-009-3,9,SEQ-02,FU-008,SC-055,The Gaze Arrives Before the Prince,CONSEQUENCE,Puhar flower garden and public route,Act I,Hold the changed condition after “The Gaze Arrives Before the Prince” and hand it to the next unit.,"Material consequence, witness, object or altered relationship",65mm knowledge-change detail leading the transition,"Puhar: humid gold, indigo shade, dyed textile colour; no fantasy glow",Use the registered continuous_scene transition,"Prefer practical environment, crowd and object interaction; use VFX for extension or sacred discontinuity only, never as evidence.",EV-0021;EV-0024;EV-0132;EV-0140;EV-0146;EV-0022;EV-0025;EV-0183;EV-0184;EV-0190;EV-0197;EV-0201,AD-0061;AD-0062;AD-0008;AD-0010;AD-0012;AD-0094;AD-0098;AD-0101;AD-0102,[INTERPRETATION] grounded in registered evidence and decisions,DESCRIPTION_READY
SB-010-1,10,SEQ-02,FU-009,SC-058,No Is Not a Riddle,ENTRY,Crystal pavilion and pursuit route,Act I,Establish Crystal pavilion and pursuit route as lived space before foregrounding “No Is Not a Riddle.”,"Environment, labour and access relationships",35mm spatial master linking person and institution,"Puhar: humid gold, indigo shade, dyed textile colour; no fantasy glow",Carry sound from the previous unit into this geography,"Prefer practical environment, crowd and object interaction; use VFX for extension or sacred discontinuity only, never as evidence.",EV-0132;EV-0146;EV-0122;EV-0149;EV-0150;EV-0161;EV-0184;EV-0191;EV-0198;EV-0201,AD-0057;AD-0061;AD-0062;AD-0078;AD-0096;AD-0097;AD-0101;AD-0103,[INTERPRETATION] grounded in registered evidence and decisions,DESCRIPTION_READY
SB-010-2,10,SEQ-02,FU-009,SC-058,No Is Not a Riddle,DECISION,Crystal pavilion and pursuit route,Act I,Stage the unit's decisive movement: Make the prince confront a refusal that romance convention cannot convert into invitation,"The person making, resisting or receiving the consequential action",50mm decisive action or exchange,"Puhar: humid gold, indigo shade, dyed textile colour; no fantasy glow",Let action and listening lead; music must not pre-decide moral meaning,"Prefer practical environment, crowd and object interaction; use VFX for extension or sacred discontinuity only, never as evidence.",EV-0132;EV-0146;EV-0122;EV-0149;EV-0150;EV-0161;EV-0184;EV-0191;EV-0198;EV-0201,AD-0057;AD-0061;AD-0062;AD-0078;AD-0096;AD-0097;AD-0101;AD-0103,[INTERPRETATION] grounded in registered evidence and decisions,DESCRIPTION_READY
SB-010-3,10,SEQ-02,FU-009,SC-058,No Is Not a Riddle,CONSEQUENCE,Crystal pavilion and pursuit route,Act I,Hold the changed condition after “No Is Not a Riddle” and hand it to the next unit.,"Material consequence, witness, object or altered relationship",65mm knowledge-change detail leading the transition,"Puhar: humid gold, indigo shade, dyed textile colour; no fantasy glow",Use the registered continuous_scene transition,"Prefer practical environment, crowd and object interaction; use VFX for extension or sacred discontinuity only, never as evidence.",EV-0132;EV-0146;EV-0122;EV-0149;EV-0150;EV-0161;EV-0184;EV-0191;EV-0198;EV-0201,AD-0057;AD-0061;AD-0062;AD-0078;AD-0096;AD-0097;AD-0101;AD-0103,[INTERPRETATION] grounded in registered evidence and decisions,DESCRIPTION_READY
SB-011-1,11,SEQ-02,FU-010,SC-090,A Warning From Beyond,ENTRY,Puhar palace threshold,Act I,Establish Puhar palace threshold as lived space before foregrounding “A Warning From Beyond.”,"Environment, labour and access relationships",40mm relational master preserving distance and power,"Puhar: humid gold, indigo shade, dyed textile colour; no fantasy glow",Carry sound from the previous unit into this geography,"Prefer practical environment, crowd and object interaction; use VFX for extension or sacred discontinuity only, never as evidence.",EV-0196;EV-0199,AD-0102,[INTERPRETATION] grounded in registered evidence and decisions,DESCRIPTION_READY
SB-011-2,11,SEQ-02,FU-010,SC-090,A Warning From Beyond,DECISION,Puhar palace threshold,Act I,Stage the unit's decisive movement: Present the goddess warning as a moment of possible self-correction,"The person making, resisting or receiving the consequential action",65mm listening single; reaction before assertion,"Puhar: humid gold, indigo shade, dyed textile colour; no fantasy glow",Let action and listening lead; music must not pre-decide moral meaning,"Prefer practical environment, crowd and object interaction; use VFX for extension or sacred discontinuity only, never as evidence.",EV-0196;EV-0199,AD-0102,[INTERPRETATION] grounded in registered evidence and decisions,DESCRIPTION_READY
SB-011-3,11,SEQ-02,FU-010,SC-090,A Warning From Beyond,CONSEQUENCE,Puhar palace threshold,Act I,Hold the changed condition after “A Warning From Beyond” and hand it to the next unit.,"Material consequence, witness, object or altered relationship",50mm two-plane reversal or exit,"Puhar: humid gold, indigo shade, dyed textile colour; no fantasy glow",Use the registered continuous_scene transition,"Prefer practical environment, crowd and object interaction; use VFX for extension or sacred discontinuity only, never as evidence.",EV-0196;EV-0199,AD-0102,[INTERPRETATION] grounded in registered evidence and decisions,DESCRIPTION_READY
SB-012-1,12,SEQ-02,FU-011,SC-059,The Goddess Chooses Her,ENTRY,Puhar night and passage to Manipallavam,Act I to Act II,Establish Puhar night and passage to Manipallavam as lived space before foregrounding “The Goddess Chooses Her.”,"Environment, labour and access relationships",35mm spatial master linking person and institution,"Puhar: humid gold, indigo shade, dyed textile colour; no fantasy glow",Carry sound from the previous unit into this geography,"Prefer practical environment, crowd and object interaction; use VFX for extension or sacred discontinuity only, never as evidence.",EV-0068;EV-0135;EV-0085;EV-0086,AD-0036;AD-0067;AD-0037,[INTERPRETATION] grounded in registered evidence and decisions,DESCRIPTION_READY
SB-012-2,12,SEQ-02,FU-011,SC-059,The Goddess Chooses Her,DECISION,Puhar night and passage to Manipallavam,Act I to Act II,Stage the unit's decisive movement: Give female divine authority control over warning geography memory and responsibility without decorative spectacle,"The person making, resisting or receiving the consequential action",50mm decisive action or exchange,"Puhar: humid gold, indigo shade, dyed textile colour; no fantasy glow",Let action and listening lead; music must not pre-decide moral meaning,"Prefer practical environment, crowd and object interaction; use VFX for extension or sacred discontinuity only, never as evidence.",EV-0068;EV-0135;EV-0085;EV-0086,AD-0036;AD-0067;AD-0037,[INTERPRETATION] grounded in registered evidence and decisions,DESCRIPTION_READY
SB-012-3,12,SEQ-02,FU-011,SC-059,The Goddess Chooses Her,CONSEQUENCE,Puhar night and passage to Manipallavam,Act I to Act II,Hold the changed condition after “The Goddess Chooses Her” and hand it to the next unit.,"Material consequence, witness, object or altered relationship",65mm knowledge-change detail leading the transition,"Puhar: humid gold, indigo shade, dyed textile colour; no fantasy glow",Use the registered continuous_scene transition,"Prefer practical environment, crowd and object interaction; use VFX for extension or sacred discontinuity only, never as evidence.",EV-0068;EV-0135;EV-0085;EV-0086,AD-0036;AD-0067;AD-0037,[INTERPRETATION] grounded in registered evidence and decisions,DESCRIPTION_READY
SB-013-1,13,SEQ-02,FU-012,SC-085,The Place Beside Her Is Empty,ENTRY,Puhar after divine transport,Act I break,Establish Puhar after divine transport as lived space before foregrounding “The Place Beside Her Is Empty.”,"Environment, labour and access relationships",35mm spatial master linking person and institution,"Puhar: humid gold, indigo shade, dyed textile colour; no fantasy glow",Carry sound from the previous unit into this geography,"Prefer practical environment, crowd and object interaction; use VFX for extension or sacred discontinuity only, never as evidence.",EV-0185;EV-0193;EV-0068;EV-0165;EV-0170,AD-0093;AD-0097;AD-0098;AD-0083;AD-0086,[INTERPRETATION] grounded in registered evidence and decisions,DESCRIPTION_READY
SB-013-2,13,SEQ-02,FU-012,SC-085,The Place Beside Her Is Empty,DECISION,Puhar after divine transport,Act I break,Stage the unit's decisive movement: Make Manimekalai's disappearance a human crisis of orientation search and renewed separation rather than cutting immediately to the sacred island,"The person making, resisting or receiving the consequential action",50mm decisive action or exchange,"Puhar: humid gold, indigo shade, dyed textile colour; no fantasy glow",Let action and listening lead; music must not pre-decide moral meaning,"Prefer practical environment, crowd and object interaction; use VFX for extension or sacred discontinuity only, never as evidence.",EV-0185;EV-0193;EV-0068;EV-0165;EV-0170,AD-0093;AD-0097;AD-0098;AD-0083;AD-0086,[INTERPRETATION] grounded in registered evidence and decisions,DESCRIPTION_READY
SB-013-3,13,SEQ-02,FU-012,SC-085,The Place Beside Her Is Empty,CONSEQUENCE,Puhar after divine transport,Act I break,Hold the changed condition after “The Place Beside Her Is Empty” and hand it to the next unit.,"Material consequence, witness, object or altered relationship",65mm knowledge-change detail leading the transition,"Puhar: humid gold, indigo shade, dyed textile colour; no fantasy glow",Use the registered continuous_scene transition,"Prefer practical environment, crowd and object interaction; use VFX for extension or sacred discontinuity only, never as evidence.",EV-0185;EV-0193;EV-0068;EV-0165;EV-0170,AD-0093;AD-0097;AD-0098;AD-0083;AD-0086,[INTERPRETATION] grounded in registered evidence and decisions,DESCRIPTION_READY
SB-014-1,14,SEQ-03,FU-013,SC-066,Alone Where the City Cannot See,ENTRY,Manipallavam shore,Act II threshold,Establish Manipallavam shore as lived space before foregrounding “Alone Where the City Cannot See.”,"Environment, labour and access relationships",28mm human-scale establishing frame; restrained lateral movement,"Manipallavam: pearl grey, salt white, shallow-water green; light remains physical",Carry sound from the previous unit into this geography,"Prefer practical environment, crowd and object interaction; use VFX for extension or sacred discontinuity only, never as evidence.",EV-0151;EV-0159;EV-0069;EV-0081;EV-0088,AD-0036;AD-0073;AD-0074;AD-0075;AD-0032;AD-0033,[INTERPRETATION] grounded in registered evidence and decisions,DESCRIPTION_READY
SB-014-2,14,SEQ-03,FU-013,SC-066,Alone Where the City Cannot See,DECISION,Manipallavam shore,Act II threshold,Stage the unit's decisive movement: Let divine removal produce fear disorientation bodily testing and incomplete recognition before sacred knowledge arrives,"The person making, resisting or receiving the consequential action",50mm observed action; camera remains at participant height,"Manipallavam: pearl grey, salt white, shallow-water green; light remains physical",Let action and listening lead; music must not pre-decide moral meaning,"Prefer practical environment, crowd and object interaction; use VFX for extension or sacred discontinuity only, never as evidence.",EV-0151;EV-0159;EV-0069;EV-0081;EV-0088,AD-0036;AD-0073;AD-0074;AD-0075;AD-0032;AD-0033,[INTERPRETATION] grounded in registered evidence and decisions,DESCRIPTION_READY
SB-014-3,14,SEQ-03,FU-013,SC-066,Alone Where the City Cannot See,CONSEQUENCE,Manipallavam shore,Act II threshold,Hold the changed condition after “Alone Where the City Cannot See” and hand it to the next unit.,"Material consequence, witness, object or altered relationship",75mm consequence detail or environmental handoff,"Manipallavam: pearl grey, salt white, shallow-water green; light remains physical",Use the registered spatial_or_montage transition,"Prefer practical environment, crowd and object interaction; use VFX for extension or sacred discontinuity only, never as evidence.",EV-0151;EV-0159;EV-0069;EV-0081;EV-0088,AD-0036;AD-0073;AD-0074;AD-0075;AD-0032;AD-0033,[INTERPRETATION] grounded in registered evidence and decisions,DESCRIPTION_READY
SB-015-1,15,SEQ-03,FU-014,SC-027,The Pond That Remembers,ENTRY,Gomukhi pond and Buddha seat on Manipallavam,Act II,Establish Gomukhi pond and Buddha seat on Manipallavam as lived space before foregrounding “The Pond That Remembers.”,"Environment, labour and access relationships",28mm human-scale establishing frame; restrained lateral movement,"Manipallavam: pearl grey, salt white, shallow-water green; light remains physical",Carry sound from the previous unit into this geography,"Prefer practical environment, crowd and object interaction; use VFX for extension or sacred discontinuity only, never as evidence.",EV-0050;EV-0069;EV-0088,AD-0022;AD-0033;AD-0036,[INTERPRETATION] grounded in registered evidence and decisions,DESCRIPTION_READY
SB-015-2,15,SEQ-03,FU-014,SC-027,The Pond That Remembers,DECISION,Gomukhi pond and Buddha seat on Manipallavam,Act II,Stage the unit's decisive movement: Join sacred geography previous birth and acceptance of the Amudhasurabhi without turning the island into fantasy spectacle,"The person making, resisting or receiving the consequential action",50mm observed action; camera remains at participant height,"Manipallavam: pearl grey, salt white, shallow-water green; light remains physical",Let action and listening lead; music must not pre-decide moral meaning,"Prefer practical environment, crowd and object interaction; use VFX for extension or sacred discontinuity only, never as evidence.",EV-0050;EV-0069;EV-0088,AD-0022;AD-0033;AD-0036,[INTERPRETATION] grounded in registered evidence and decisions,DESCRIPTION_READY
SB-015-3,15,SEQ-03,FU-014,SC-027,The Pond That Remembers,CONSEQUENCE,Gomukhi pond and Buddha seat on Manipallavam,Act II,Hold the changed condition after “The Pond That Remembers” and hand it to the next unit.,"Material consequence, witness, object or altered relationship",75mm consequence detail or environmental handoff,"Manipallavam: pearl grey, salt white, shallow-water green; light remains physical",Use the registered memory_or_revelation transition,"Prefer practical environment, crowd and object interaction; use VFX for extension or sacred discontinuity only, never as evidence.",EV-0050;EV-0069;EV-0088,AD-0022;AD-0033;AD-0036,[INTERPRETATION] grounded in registered evidence and decisions,DESCRIPTION_READY
SB-016-1,16,SEQ-03,FU-015,SC-015,The Vessel Chooses a Custodian,ENTRY,Gomukhi pond on Manipallavam,Act II,Establish Gomukhi pond on Manipallavam as lived space before foregrounding “The Vessel Chooses a Custodian.”,"Environment, labour and access relationships",28mm human-scale establishing frame; restrained lateral movement,"Manipallavam: pearl grey, salt white, shallow-water green; light remains physical",Carry sound from the previous unit into this geography,"Prefer practical environment, crowd and object interaction; use VFX for extension or sacred discontinuity only, never as evidence.",EV-0049;EV-0050;EV-0064;EV-0152;EV-0159,AD-0021;AD-0022;AD-0030;AD-0072;AD-0075;AD-0079,[INTERPRETATION] grounded in registered evidence and decisions,DESCRIPTION_READY
SB-016-2,16,SEQ-03,FU-015,SC-015,The Vessel Chooses a Custodian,DECISION,Gomukhi pond on Manipallavam,Act II,Stage the unit's decisive movement: Turn receipt of Amudhasurabhi from magical reward into acceptance of responsibility for unknown lives,"The person making, resisting or receiving the consequential action",50mm observed action; camera remains at participant height,"Manipallavam: pearl grey, salt white, shallow-water green; light remains physical",Let action and listening lead; music must not pre-decide moral meaning,"Prefer practical environment, crowd and object interaction; use VFX for extension or sacred discontinuity only, never as evidence.",EV-0049;EV-0050;EV-0064;EV-0152;EV-0159,AD-0021;AD-0022;AD-0030;AD-0072;AD-0075;AD-0079,[INTERPRETATION] grounded in registered evidence and decisions,DESCRIPTION_READY
SB-016-3,16,SEQ-03,FU-015,SC-015,The Vessel Chooses a Custodian,CONSEQUENCE,Gomukhi pond on Manipallavam,Act II,Hold the changed condition after “The Vessel Chooses a Custodian” and hand it to the next unit.,"Material consequence, witness, object or altered relationship",75mm consequence detail or environmental handoff,"Manipallavam: pearl grey, salt white, shallow-water green; light remains physical",Use the registered continuous_scene transition,"Prefer practical environment, crowd and object interaction; use VFX for extension or sacred discontinuity only, never as evidence.",EV-0049;EV-0050;EV-0064;EV-0152;EV-0159,AD-0021;AD-0022;AD-0030;AD-0072;AD-0075;AD-0079,[INTERPRETATION] grounded in registered evidence and decisions,DESCRIPTION_READY
SB-017-1,17,SEQ-03,FU-016,SC-086,Sudhamathi Gives the Account,ENTRY,Madhavi household,Act II transition,Establish Madhavi household as lived space before foregrounding “Sudhamathi Gives the Account.”,"Environment, labour and access relationships",40mm relational master preserving distance and power,"Manipallavam: pearl grey, salt white, shallow-water green; light remains physical",Carry sound from the previous unit into this geography,"Prefer practical environment, crowd and object interaction; use VFX for extension or sacred discontinuity only, never as evidence.",EV-0185;EV-0186;EV-0190,AD-0092;AD-0093;AD-0098,[INTERPRETATION] grounded in registered evidence and decisions,DESCRIPTION_READY
SB-017-2,17,SEQ-03,FU-016,SC-086,Sudhamathi Gives the Account,DECISION,Madhavi household,Act II transition,Stage the unit's decisive movement: Require Sudhamathi to reconstruct events before powerful listeners without allowing them to complete or diminish her testimony,"The person making, resisting or receiving the consequential action",65mm listening single; reaction before assertion,"Manipallavam: pearl grey, salt white, shallow-water green; light remains physical",Let action and listening lead; music must not pre-decide moral meaning,"Prefer practical environment, crowd and object interaction; use VFX for extension or sacred discontinuity only, never as evidence.",EV-0185;EV-0186;EV-0190,AD-0092;AD-0093;AD-0098,[INTERPRETATION] grounded in registered evidence and decisions,DESCRIPTION_READY
SB-017-3,17,SEQ-03,FU-016,SC-086,Sudhamathi Gives the Account,CONSEQUENCE,Madhavi household,Act II transition,Hold the changed condition after “Sudhamathi Gives the Account” and hand it to the next unit.,"Material consequence, witness, object or altered relationship",50mm two-plane reversal or exit,"Manipallavam: pearl grey, salt white, shallow-water green; light remains physical",Use the registered continuous_scene transition,"Prefer practical environment, crowd and object interaction; use VFX for extension or sacred discontinuity only, never as evidence.",EV-0185;EV-0186;EV-0190,AD-0092;AD-0093;AD-0098,[INTERPRETATION] grounded in registered evidence and decisions,DESCRIPTION_READY
SB-018-1,18,SEQ-04,FU-017,SC-098,Three Women Enter the Teacher's Space,ENTRY,Aravana's dwelling in Puhar,Act II-A,Establish Aravana's dwelling in Puhar as lived space before foregrounding “Three Women Enter the Teacher's Space.”,"Environment, labour and access relationships",35mm spatial master linking person and institution,"Service and danger: earthen food tones, working courtyards, gathering dusk",Carry sound from the previous unit into this geography,"Prefer practical environment, crowd and object interaction; use VFX for extension or sacred discontinuity only, never as evidence.",EV-0211;EV-0212;EV-0180;EV-0188,AD-0069;AD-0093;AD-0108;AD-0110,[INTERPRETATION] grounded in registered evidence and decisions,DESCRIPTION_READY
SB-018-2,18,SEQ-04,FU-017,SC-098,Three Women Enter the Teacher's Space,DECISION,Aravana's dwelling in Puhar,Act II-A,Stage the unit's decisive movement: Stage Manimekalai Madhavi and Sudhamathi arriving as three distinct knowledge-bearers rather than one sacred heroine with attendants,"The person making, resisting or receiving the consequential action",50mm decisive action or exchange,"Service and danger: earthen food tones, working courtyards, gathering dusk",Let action and listening lead; music must not pre-decide moral meaning,"Prefer practical environment, crowd and object interaction; use VFX for extension or sacred discontinuity only, never as evidence.",EV-0211;EV-0212;EV-0180;EV-0188,AD-0069;AD-0093;AD-0108;AD-0110,[INTERPRETATION] grounded in registered evidence and decisions,DESCRIPTION_READY
SB-018-3,18,SEQ-04,FU-017,SC-098,Three Women Enter the Teacher's Space,CONSEQUENCE,Aravana's dwelling in Puhar,Act II-A,Hold the changed condition after “Three Women Enter the Teacher's Space” and hand it to the next unit.,"Material consequence, witness, object or altered relationship",65mm knowledge-change detail leading the transition,"Service and danger: earthen food tones, working courtyards, gathering dusk",Use the registered continuous_scene transition,"Prefer practical environment, crowd and object interaction; use VFX for extension or sacred discontinuity only, never as evidence.",EV-0211;EV-0212;EV-0180;EV-0188,AD-0069;AD-0093;AD-0108;AD-0110,[INTERPRETATION] grounded in registered evidence and decisions,DESCRIPTION_READY
SB-019-1,19,SEQ-04,FU-018,SC-099,He Lets the Account Finish,ENTRY,Aravana's teaching space,Act II-A,Establish Aravana's teaching space as lived space before foregrounding “He Lets the Account Finish.”,"Environment, labour and access relationships",40mm relational master preserving distance and power,"Service and danger: earthen food tones, working courtyards, gathering dusk",Carry sound from the previous unit into this geography,"Prefer practical environment, crowd and object interaction; use VFX for extension or sacred discontinuity only, never as evidence.",EV-0213;EV-0151,AD-0074;AD-0109;AD-0111,[INTERPRETATION] grounded in registered evidence and decisions,DESCRIPTION_READY
SB-019-2,19,SEQ-04,FU-018,SC-099,He Lets the Account Finish,DECISION,Aravana's teaching space,Act II-A,Stage the unit's decisive movement: Give Manimekalai uninterrupted ownership of the garden Manipallavam previous-life and vessel account before interpretation begins,"The person making, resisting or receiving the consequential action",65mm listening single; reaction before assertion,"Service and danger: earthen food tones, working courtyards, gathering dusk",Let action and listening lead; music must not pre-decide moral meaning,"Prefer practical environment, crowd and object interaction; use VFX for extension or sacred discontinuity only, never as evidence.",EV-0213;EV-0151,AD-0074;AD-0109;AD-0111,[INTERPRETATION] grounded in registered evidence and decisions,DESCRIPTION_READY
SB-019-3,19,SEQ-04,FU-018,SC-099,He Lets the Account Finish,CONSEQUENCE,Aravana's teaching space,Act II-A,Hold the changed condition after “He Lets the Account Finish” and hand it to the next unit.,"Material consequence, witness, object or altered relationship",50mm two-plane reversal or exit,"Service and danger: earthen food tones, working courtyards, gathering dusk",Use the registered continuous_scene transition,"Prefer practical environment, crowd and object interaction; use VFX for extension or sacred discontinuity only, never as evidence.",EV-0213;EV-0151,AD-0074;AD-0109;AD-0111,[INTERPRETATION] grounded in registered evidence and decisions,DESCRIPTION_READY
SB-020-1,20,SEQ-04,FU-019,SC-100,Aputhiran Is Not a Legend,ENTRY,Aravana's teaching space intercut with Aputhiran's journey,Act II-A,Establish Aravana's teaching space intercut with Aputhiran's journey as lived space before foregrounding “Aputhiran Is Not a Legend.”,"Environment, labour and access relationships",35mm spatial master linking person and institution,"Service and danger: earthen food tones, working courtyards, gathering dusk",Carry sound from the previous unit into this geography,"Prefer practical environment, crowd and object interaction; use VFX for extension or sacred discontinuity only, never as evidence.",EV-0216;EV-0049;EV-0050,AD-0021;AD-0112;AD-0113,[INTERPRETATION] grounded in registered evidence and decisions,DESCRIPTION_READY
SB-020-2,20,SEQ-04,FU-019,SC-100,Aputhiran Is Not a Legend,DECISION,Aravana's teaching space intercut with Aputhiran's journey,Act II-A,Stage the unit's decisive movement: Use Aputhiran's story to convert the miraculous vessel into a history of hunger isolation service and responsibility,"The person making, resisting or receiving the consequential action",50mm decisive action or exchange,"Service and danger: earthen food tones, working courtyards, gathering dusk",Let action and listening lead; music must not pre-decide moral meaning,"Prefer practical environment, crowd and object interaction; use VFX for extension or sacred discontinuity only, never as evidence.",EV-0216;EV-0049;EV-0050,AD-0021;AD-0112;AD-0113,[INTERPRETATION] grounded in registered evidence and decisions,DESCRIPTION_READY
SB-020-3,20,SEQ-04,FU-019,SC-100,Aputhiran Is Not a Legend,CONSEQUENCE,Aravana's teaching space intercut with Aputhiran's journey,Act II-A,Hold the changed condition after “Aputhiran Is Not a Legend” and hand it to the next unit.,"Material consequence, witness, object or altered relationship",65mm knowledge-change detail leading the transition,"Service and danger: earthen food tones, working courtyards, gathering dusk",Use the registered continuous_scene transition,"Prefer practical environment, crowd and object interaction; use VFX for extension or sacred discontinuity only, never as evidence.",EV-0216;EV-0049;EV-0050,AD-0021;AD-0112;AD-0113,[INTERPRETATION] grounded in registered evidence and decisions,DESCRIPTION_READY
SB-021-1,21,SEQ-04,BR-002,SC-120,Seven Days of Milk,ENTRY,Groves near Korkai or textually verified southern settlement,Branch story opening,Establish Groves near Korkai or textually verified southern settlement as lived space before foregrounding “Seven Days of Milk.”,"Environment, labour and access relationships",28mm human-scale establishing frame; restrained lateral movement,"Service and danger: earthen food tones, working courtyards, gathering dusk",Carry sound from the previous unit into this geography,"Prefer practical environment, crowd and object interaction; use VFX for extension or sacred discontinuity only, never as evidence.",EV-0262;EV-0263,AD-0135;AD-0137,[INTERPRETATION] grounded in registered evidence and decisions,DESCRIPTION_READY
SB-021-2,21,SEQ-04,BR-002,SC-120,Seven Days of Milk,DECISION,Groves near Korkai or textually verified southern settlement,Branch story opening,Stage the unit's decisive movement: Establish Aputhiran's first survival through a cow's response to an abandoned infant before human adoption begins,"The person making, resisting or receiving the consequential action",50mm observed action; camera remains at participant height,"Service and danger: earthen food tones, working courtyards, gathering dusk",Let action and listening lead; music must not pre-decide moral meaning,"Prefer practical environment, crowd and object interaction; use VFX for extension or sacred discontinuity only, never as evidence.",EV-0262;EV-0263,AD-0135;AD-0137,[INTERPRETATION] grounded in registered evidence and decisions,DESCRIPTION_READY
SB-021-3,21,SEQ-04,BR-002,SC-120,Seven Days of Milk,CONSEQUENCE,Groves near Korkai or textually verified southern settlement,Branch story opening,Hold the changed condition after “Seven Days of Milk” and hand it to the next unit.,"Material consequence, witness, object or altered relationship",75mm consequence detail or environmental handoff,"Service and danger: earthen food tones, working courtyards, gathering dusk",Use the registered memory_inset transition,"Prefer practical environment, crowd and object interaction; use VFX for extension or sacred discontinuity only, never as evidence.",EV-0262;EV-0263,AD-0135;AD-0137,[INTERPRETATION] grounded in registered evidence and decisions,DESCRIPTION_READY
SB-022-1,22,SEQ-04,BR-003,SC-121,The Cow at the Fire,ENTRY,Brahmin ritual household or enclosure,Youth branch story,Establish Brahmin ritual household or enclosure as lived space before foregrounding “The Cow at the Fire.”,"Environment, labour and access relationships",28mm human-scale establishing frame; restrained lateral movement,"Service and danger: earthen food tones, working courtyards, gathering dusk",Carry sound from the previous unit into this geography,"Prefer practical environment, crowd and object interaction; use VFX for extension or sacred discontinuity only, never as evidence.",EV-0264;EV-0265;EV-0266;EV-0267,AD-0136;AD-0137,[INTERPRETATION] grounded in registered evidence and decisions,DESCRIPTION_READY
SB-022-2,22,SEQ-04,BR-003,SC-121,The Cow at the Fire,DECISION,Brahmin ritual household or enclosure,Youth branch story,Stage the unit's decisive movement: Show the learned young Aputhiran reading animal fear intervening against sacrifice and accepting social danger without graphic spectacle,"The person making, resisting or receiving the consequential action",50mm observed action; camera remains at participant height,"Service and danger: earthen food tones, working courtyards, gathering dusk",Let action and listening lead; music must not pre-decide moral meaning,"Prefer practical environment, crowd and object interaction; use VFX for extension or sacred discontinuity only, never as evidence.",EV-0264;EV-0265;EV-0266;EV-0267,AD-0136;AD-0137,[INTERPRETATION] grounded in registered evidence and decisions,DESCRIPTION_READY
SB-022-3,22,SEQ-04,BR-003,SC-121,The Cow at the Fire,CONSEQUENCE,Brahmin ritual household or enclosure,Youth branch story,Hold the changed condition after “The Cow at the Fire” and hand it to the next unit.,"Material consequence, witness, object or altered relationship",75mm consequence detail or environmental handoff,"Service and danger: earthen food tones, working courtyards, gathering dusk",Use the registered memory_inset transition,"Prefer practical environment, crowd and object interaction; use VFX for extension or sacred discontinuity only, never as evidence.",EV-0264;EV-0265;EV-0266;EV-0267,AD-0136;AD-0137,[INTERPRETATION] grounded in registered evidence and decisions,DESCRIPTION_READY
SB-023-1,23,SEQ-04,BR-004,SC-123,He Eats What Remains,ENTRY,Madurai Sindhadevi precinct and surrounding streets,Branch story middle,Establish Madurai Sindhadevi precinct and surrounding streets as lived space before foregrounding “He Eats What Remains.”,"Environment, labour and access relationships",28mm human-scale establishing frame; restrained lateral movement,"Service and danger: earthen food tones, working courtyards, gathering dusk",Carry sound from the previous unit into this geography,"Prefer practical environment, crowd and object interaction; use VFX for extension or sacred discontinuity only, never as evidence.",EV-0269;EV-0267;EV-0268,AD-0134;AD-0138;AD-0133;AD-0135;AD-0136,[INTERPRETATION] grounded in registered evidence and decisions,DESCRIPTION_READY
SB-023-2,23,SEQ-04,BR-004,SC-123,He Eats What Remains,DECISION,Madurai Sindhadevi precinct and surrounding streets,Branch story middle,Stage the unit's decisive movement: Establish ordinary collection accessible feeding reciprocal recipient relationships leftovers and overnight service before any miracle,"The person making, resisting or receiving the consequential action",50mm observed action; camera remains at participant height,"Service and danger: earthen food tones, working courtyards, gathering dusk",Let action and listening lead; music must not pre-decide moral meaning,"Prefer practical environment, crowd and object interaction; use VFX for extension or sacred discontinuity only, never as evidence.",EV-0269;EV-0267;EV-0268,AD-0134;AD-0138;AD-0133;AD-0135;AD-0136,[INTERPRETATION] grounded in registered evidence and decisions,DESCRIPTION_READY
SB-023-3,23,SEQ-04,BR-004,SC-123,He Eats What Remains,CONSEQUENCE,Madurai Sindhadevi precinct and surrounding streets,Branch story middle,Hold the changed condition after “He Eats What Remains” and hand it to the next unit.,"Material consequence, witness, object or altered relationship",75mm consequence detail or environmental handoff,"Service and danger: earthen food tones, working courtyards, gathering dusk",Use the registered memory_inset transition,"Prefer practical environment, crowd and object interaction; use VFX for extension or sacred discontinuity only, never as evidence.",EV-0269;EV-0267;EV-0268,AD-0134;AD-0138;AD-0133;AD-0135;AD-0136,[INTERPRETATION] grounded in registered evidence and decisions,DESCRIPTION_READY
SB-024-1,24,SEQ-04,BR-005,SC-124,What Can Heaven Give Me?,ENTRY,Sindhadevi feeding space,Branch story middle,Establish Sindhadevi feeding space as lived space before foregrounding “What Can Heaven Give Me?.”,"Environment, labour and access relationships",28mm human-scale establishing frame; restrained lateral movement,"Service and danger: earthen food tones, working courtyards, gathering dusk",Carry sound from the previous unit into this geography,"Prefer practical environment, crowd and object interaction; use VFX for extension or sacred discontinuity only, never as evidence.",EV-0270;EV-0271,AD-0138;AD-0139,[INTERPRETATION] grounded in registered evidence and decisions,DESCRIPTION_READY
SB-024-2,24,SEQ-04,BR-005,SC-124,What Can Heaven Give Me?,DECISION,Sindhadevi feeding space,Branch story middle,Stage the unit's decisive movement: Stage Aputhiran's refusal of Indra's boon as ethical courage sharpened by pride while recipients and service labour remain present,"The person making, resisting or receiving the consequential action",50mm observed action; camera remains at participant height,"Service and danger: earthen food tones, working courtyards, gathering dusk",Let action and listening lead; music must not pre-decide moral meaning,"Prefer practical environment, crowd and object interaction; use VFX for extension or sacred discontinuity only, never as evidence.",EV-0270;EV-0271,AD-0138;AD-0139,[INTERPRETATION] grounded in registered evidence and decisions,DESCRIPTION_READY
SB-024-3,24,SEQ-04,BR-005,SC-124,What Can Heaven Give Me?,CONSEQUENCE,Sindhadevi feeding space,Branch story middle,Hold the changed condition after “What Can Heaven Give Me?” and hand it to the next unit.,"Material consequence, witness, object or altered relationship",75mm consequence detail or environmental handoff,"Service and danger: earthen food tones, working courtyards, gathering dusk",Use the registered memory_inset transition,"Prefer practical environment, crowd and object interaction; use VFX for extension or sacred discontinuity only, never as evidence.",EV-0270;EV-0271,AD-0138;AD-0139,[INTERPRETATION] grounded in registered evidence and decisions,DESCRIPTION_READY
SB-025-1,25,SEQ-04,BR-006,SC-125,The Feeding Hall Is Empty,ENTRY,Former feeding space and surrounding villages,Branch story turn,Establish Former feeding space and surrounding villages as lived space before foregrounding “The Feeding Hall Is Empty.”,"Environment, labour and access relationships",28mm human-scale establishing frame; restrained lateral movement,"Service and danger: earthen food tones, working courtyards, gathering dusk",Carry sound from the previous unit into this geography,"Prefer practical environment, crowd and object interaction; use VFX for extension or sacred discontinuity only, never as evidence.",EV-0272;EV-0273;EV-0006;EV-0053,AD-0140;AD-0021;AD-0022;AD-0028,[INTERPRETATION] grounded in registered evidence and decisions,DESCRIPTION_READY
SB-025-2,25,SEQ-04,BR-006,SC-125,The Feeding Hall Is Empty,DECISION,Former feeding space and surrounding villages,Branch story turn,Stage the unit's decisive movement: Hold prosperity and Aputhiran's identity collapse in the same sequence without suggesting famine should return or recipients owe him dependence,"The person making, resisting or receiving the consequential action",50mm observed action; camera remains at participant height,"Service and danger: earthen food tones, working courtyards, gathering dusk",Let action and listening lead; music must not pre-decide moral meaning,"Prefer practical environment, crowd and object interaction; use VFX for extension or sacred discontinuity only, never as evidence.",EV-0272;EV-0273;EV-0006;EV-0053,AD-0140;AD-0021;AD-0022;AD-0028,[INTERPRETATION] grounded in registered evidence and decisions,DESCRIPTION_READY
SB-025-3,25,SEQ-04,BR-006,SC-125,The Feeding Hall Is Empty,CONSEQUENCE,Former feeding space and surrounding villages,Branch story turn,Hold the changed condition after “The Feeding Hall Is Empty” and hand it to the next unit.,"Material consequence, witness, object or altered relationship",75mm consequence detail or environmental handoff,"Service and danger: earthen food tones, working courtyards, gathering dusk",Use the registered memory_inset transition,"Prefer practical environment, crowd and object interaction; use VFX for extension or sacred discontinuity only, never as evidence.",EV-0272;EV-0273;EV-0006;EV-0053,AD-0140;AD-0021;AD-0022;AD-0028,[INTERPRETATION] grounded in registered evidence and decisions,DESCRIPTION_READY
SB-026-1,26,SEQ-04,BR-007,SC-127,The Ship Leaves in Darkness,ENTRY,Manipallavam landing and offshore vessel,Branch story climax,Establish Manipallavam landing and offshore vessel as lived space before foregrounding “The Ship Leaves in Darkness.”,"Environment, labour and access relationships",28mm human-scale establishing frame; restrained lateral movement,"Service and danger: earthen food tones, working courtyards, gathering dusk",Carry sound from the previous unit into this geography,"Prefer practical environment, crowd and object interaction; use VFX for extension or sacred discontinuity only, never as evidence.",EV-0275;EV-0014;EV-0070;EV-0077;EV-0085;EV-0274,AD-0141;AD-0006;AD-0036;AD-0038;AD-0139;AD-0140,[INTERPRETATION] grounded in registered evidence and decisions,DESCRIPTION_READY
SB-026-2,26,SEQ-04,BR-007,SC-127,The Ship Leaves in Darkness,DECISION,Manipallavam landing and offshore vessel,Branch story climax,Stage the unit's decisive movement: Build the abandonment through storm fatigue miscommunication and asymmetric knowledge rather than fate montage or deliberate betrayal,"The person making, resisting or receiving the consequential action",50mm observed action; camera remains at participant height,"Service and danger: earthen food tones, working courtyards, gathering dusk",Let action and listening lead; music must not pre-decide moral meaning,"Prefer practical environment, crowd and object interaction; use VFX for extension or sacred discontinuity only, never as evidence.",EV-0275;EV-0014;EV-0070;EV-0077;EV-0085;EV-0274,AD-0141;AD-0006;AD-0036;AD-0038;AD-0139;AD-0140,[INTERPRETATION] grounded in registered evidence and decisions,DESCRIPTION_READY
SB-026-3,26,SEQ-04,BR-007,SC-127,The Ship Leaves in Darkness,CONSEQUENCE,Manipallavam landing and offshore vessel,Branch story climax,Hold the changed condition after “The Ship Leaves in Darkness” and hand it to the next unit.,"Material consequence, witness, object or altered relationship",75mm consequence detail or environmental handoff,"Service and danger: earthen food tones, working courtyards, gathering dusk",Use the registered memory_inset transition,"Prefer practical environment, crowd and object interaction; use VFX for extension or sacred discontinuity only, never as evidence.",EV-0275;EV-0014;EV-0070;EV-0077;EV-0085;EV-0274,AD-0141;AD-0006;AD-0036;AD-0038;AD-0139;AD-0140,[INTERPRETATION] grounded in registered evidence and decisions,DESCRIPTION_READY
SB-027-1,27,SEQ-04,BR-008,SC-128,The Vessel Chooses the Future,ENTRY,Gomukhi pond on Manipallavam,Branch story ending,Establish Gomukhi pond on Manipallavam as lived space before foregrounding “The Vessel Chooses the Future.”,"Environment, labour and access relationships",28mm human-scale establishing frame; restrained lateral movement,"Service and danger: earthen food tones, working courtyards, gathering dusk",Carry sound from the previous unit into this geography,"Prefer practical environment, crowd and object interaction; use VFX for extension or sacred discontinuity only, never as evidence.",EV-0276;EV-0277;EV-0278,AD-0141;AD-0142,[INTERPRETATION] grounded in registered evidence and decisions,DESCRIPTION_READY
SB-027-2,27,SEQ-04,BR-008,SC-128,The Vessel Chooses the Future,DECISION,Gomukhi pond on Manipallavam,Branch story ending,Stage the unit's decisive movement: Show Aputhiran relinquishing ownership to future compassionate hands while treating his subsequent fast as sacred and tragic rather than exemplary self-erasure,"The person making, resisting or receiving the consequential action",50mm observed action; camera remains at participant height,"Service and danger: earthen food tones, working courtyards, gathering dusk",Let action and listening lead; music must not pre-decide moral meaning,"Prefer practical environment, crowd and object interaction; use VFX for extension or sacred discontinuity only, never as evidence.",EV-0276;EV-0277;EV-0278,AD-0141;AD-0142,[INTERPRETATION] grounded in registered evidence and decisions,DESCRIPTION_READY
SB-027-3,27,SEQ-04,BR-008,SC-128,The Vessel Chooses the Future,CONSEQUENCE,Gomukhi pond on Manipallavam,Branch story ending,Hold the changed condition after “The Vessel Chooses the Future” and hand it to the next unit.,"Material consequence, witness, object or altered relationship",75mm consequence detail or environmental handoff,"Service and danger: earthen food tones, working courtyards, gathering dusk",Use the registered memory_inset transition,"Prefer practical environment, crowd and object interaction; use VFX for extension or sacred discontinuity only, never as evidence.",EV-0276;EV-0277;EV-0278,AD-0141;AD-0142,[INTERPRETATION] grounded in registered evidence and decisions,DESCRIPTION_READY
SB-028-1,28,SEQ-04,FU-020,SC-101,Do Not Hide the Vessel,ENTRY,Puhar threshold opening onto public streets,Act II-A,Establish Puhar threshold opening onto public streets as lived space before foregrounding “Do Not Hide the Vessel.”,"Environment, labour and access relationships",28mm human-scale establishing frame; restrained lateral movement,"Service and danger: earthen food tones, working courtyards, gathering dusk",Carry sound from the previous unit into this geography,"Prefer practical environment, crowd and object interaction; use VFX for extension or sacred discontinuity only, never as evidence.",EV-0217;EV-0054;EV-0067;EV-0152;EV-0153;EV-0171;EV-0179,AD-0022;AD-0079;AD-0113;AD-0083;AD-0090,[INTERPRETATION] grounded in registered evidence and decisions,DESCRIPTION_READY
SB-028-2,28,SEQ-04,FU-020,SC-101,Do Not Hide the Vessel,DECISION,Puhar threshold opening onto public streets,Act II-A,Stage the unit's decisive movement: Make Aravana's decisive teaching an instruction to move abundance outward toward hungry people and visible organisation,"The person making, resisting or receiving the consequential action",50mm observed action; camera remains at participant height,"Service and danger: earthen food tones, working courtyards, gathering dusk",Let action and listening lead; music must not pre-decide moral meaning,"Prefer practical environment, crowd and object interaction; use VFX for extension or sacred discontinuity only, never as evidence.",EV-0217;EV-0054;EV-0067;EV-0152;EV-0153;EV-0171;EV-0179,AD-0022;AD-0079;AD-0113;AD-0083;AD-0090,[INTERPRETATION] grounded in registered evidence and decisions,DESCRIPTION_READY
SB-028-3,28,SEQ-04,FU-020,SC-101,Do Not Hide the Vessel,CONSEQUENCE,Puhar threshold opening onto public streets,Act II-A,Hold the changed condition after “Do Not Hide the Vessel” and hand it to the next unit.,"Material consequence, witness, object or altered relationship",75mm consequence detail or environmental handoff,"Service and danger: earthen food tones, working courtyards, gathering dusk",Use the registered continuous_scene transition,"Prefer practical environment, crowd and object interaction; use VFX for extension or sacred discontinuity only, never as evidence.",EV-0217;EV-0054;EV-0067;EV-0152;EV-0153;EV-0171;EV-0179,AD-0022;AD-0079;AD-0113;AD-0083;AD-0090,[INTERPRETATION] grounded in registered evidence and decisions,DESCRIPTION_READY
SB-029-1,29,SEQ-04,BR-010,SC-150,The Fire Does Not Take Her,ENTRY,Fire ground or household ritual space,Act I branch memory,Establish Fire ground or household ritual space as lived space before foregrounding “The Fire Does Not Take Her.”,"Environment, labour and access relationships",28mm human-scale establishing frame; restrained lateral movement,"Service and danger: earthen food tones, working courtyards, gathering dusk",Carry sound from the previous unit into this geography,"Prefer practical environment, crowd and object interaction; use VFX for extension or sacred discontinuity only, never as evidence.",EV-0310;EV-0311;EV-0317;EV-0105;EV-0106;EV-0119;EV-0117;EV-0121;EV-0308;EV-0307;EV-0309;EV-0312,AD-0164;AD-0047;AD-0054;AD-0049;AD-0055;AD-0163;AD-0165;AD-0166;AD-0170,[INTERPRETATION] grounded in registered evidence and decisions,DESCRIPTION_READY
SB-029-2,29,SEQ-04,BR-010,SC-150,The Fire Does Not Take Her,DECISION,Fire ground or household ritual space,Act I branch memory,Stage the unit's decisive movement: Stage grief and lethal expectation without idealising self-destruction and interrupt the act through the textually supported voice,"The person making, resisting or receiving the consequential action",50mm observed action; camera remains at participant height,"Service and danger: earthen food tones, working courtyards, gathering dusk",Let action and listening lead; music must not pre-decide moral meaning,"Prefer practical environment, crowd and object interaction; use VFX for extension or sacred discontinuity only, never as evidence.",EV-0310;EV-0311;EV-0317;EV-0105;EV-0106;EV-0119;EV-0117;EV-0121;EV-0308;EV-0307;EV-0309;EV-0312,AD-0164;AD-0047;AD-0054;AD-0049;AD-0055;AD-0163;AD-0165;AD-0166;AD-0170,[INTERPRETATION] grounded in registered evidence and decisions,DESCRIPTION_READY
SB-029-3,29,SEQ-04,BR-010,SC-150,The Fire Does Not Take Her,CONSEQUENCE,Fire ground or household ritual space,Act I branch memory,Hold the changed condition after “The Fire Does Not Take Her” and hand it to the next unit.,"Material consequence, witness, object or altered relationship",75mm consequence detail or environmental handoff,"Service and danger: earthen food tones, working courtyards, gathering dusk",Use the registered memory_inset transition,"Prefer practical environment, crowd and object interaction; use VFX for extension or sacred discontinuity only, never as evidence.",EV-0310;EV-0311;EV-0317;EV-0105;EV-0106;EV-0119;EV-0117;EV-0121;EV-0308;EV-0307;EV-0309;EV-0312,AD-0164;AD-0047;AD-0054;AD-0049;AD-0055;AD-0163;AD-0165;AD-0166;AD-0170,[INTERPRETATION] grounded in registered evidence and decisions,DESCRIPTION_READY
SB-030-1,30,SEQ-04,BR-011,SC-152,Two People Return to One House,ENTRY,Aadhirai household,Compressed branch memory,Establish Aadhirai household as lived space before foregrounding “Two People Return to One House.”,"Environment, labour and access relationships",28mm human-scale establishing frame; restrained lateral movement,"Service and danger: earthen food tones, working courtyards, gathering dusk",Carry sound from the previous unit into this geography,"Prefer practical environment, crowd and object interaction; use VFX for extension or sacred discontinuity only, never as evidence.",EV-0314;EV-0308;EV-0309;EV-0312;EV-0313,AD-0166;AD-0167;AD-0170,[INTERPRETATION] grounded in registered evidence and decisions,DESCRIPTION_READY
SB-030-2,30,SEQ-04,BR-011,SC-152,Two People Return to One House,DECISION,Aadhirai household,Compressed branch memory,Stage the unit's decisive movement: Present reunion as altered recognition and negotiation rather than instant forgiveness or reward,"The person making, resisting or receiving the consequential action",50mm observed action; camera remains at participant height,"Service and danger: earthen food tones, working courtyards, gathering dusk",Let action and listening lead; music must not pre-decide moral meaning,"Prefer practical environment, crowd and object interaction; use VFX for extension or sacred discontinuity only, never as evidence.",EV-0314;EV-0308;EV-0309;EV-0312;EV-0313,AD-0166;AD-0167;AD-0170,[INTERPRETATION] grounded in registered evidence and decisions,DESCRIPTION_READY
SB-030-3,30,SEQ-04,BR-011,SC-152,Two People Return to One House,CONSEQUENCE,Aadhirai household,Compressed branch memory,Hold the changed condition after “Two People Return to One House” and hand it to the next unit.,"Material consequence, witness, object or altered relationship",75mm consequence detail or environmental handoff,"Service and danger: earthen food tones, working courtyards, gathering dusk",Use the registered memory_inset transition,"Prefer practical environment, crowd and object interaction; use VFX for extension or sacred discontinuity only, never as evidence.",EV-0314;EV-0308;EV-0309;EV-0312;EV-0313,AD-0166;AD-0167;AD-0170,[INTERPRETATION] grounded in registered evidence and decisions,DESCRIPTION_READY
SB-031-1,31,SEQ-04,FU-021,SC-153,The First Handful,ENTRY,Aadhirai household threshold,Act II,Establish Aadhirai household threshold as lived space before foregrounding “The First Handful.”,"Environment, labour and access relationships",35mm spatial master linking person and institution,"Service and danger: earthen food tones, working courtyards, gathering dusk",Carry sound from the previous unit into this geography,"Prefer practical environment, crowd and object interaction; use VFX for extension or sacred discontinuity only, never as evidence.",EV-0315;EV-0316;EV-0318;EV-0052;EV-0049;EV-0064;EV-0054,AD-0165;AD-0168;AD-0169;AD-0022;AD-0023;AD-0024;AD-0030;AD-0170,[INTERPRETATION] grounded in registered evidence and decisions,DESCRIPTION_READY
SB-031-2,31,SEQ-04,FU-021,SC-153,The First Handful,DECISION,Aadhirai household threshold,Act II,Stage the unit's decisive movement: Make Aadhirai's decision transform private household food into the first offering of Manimekalai's public mission,"The person making, resisting or receiving the consequential action",50mm decisive action or exchange,"Service and danger: earthen food tones, working courtyards, gathering dusk",Let action and listening lead; music must not pre-decide moral meaning,"Prefer practical environment, crowd and object interaction; use VFX for extension or sacred discontinuity only, never as evidence.",EV-0315;EV-0316;EV-0318;EV-0052;EV-0049;EV-0064;EV-0054,AD-0165;AD-0168;AD-0169;AD-0022;AD-0023;AD-0024;AD-0030;AD-0170,[INTERPRETATION] grounded in registered evidence and decisions,DESCRIPTION_READY
SB-031-3,31,SEQ-04,FU-021,SC-153,The First Handful,CONSEQUENCE,Aadhirai household threshold,Act II,Hold the changed condition after “The First Handful” and hand it to the next unit.,"Material consequence, witness, object or altered relationship",65mm knowledge-change detail leading the transition,"Service and danger: earthen food tones, working courtyards, gathering dusk",Use the registered continuous_scene transition,"Prefer practical environment, crowd and object interaction; use VFX for extension or sacred discontinuity only, never as evidence.",EV-0315;EV-0316;EV-0318;EV-0052;EV-0049;EV-0064;EV-0054,AD-0165;AD-0168;AD-0169;AD-0022;AD-0023;AD-0024;AD-0030;AD-0170,[INTERPRETATION] grounded in registered evidence and decisions,DESCRIPTION_READY
SB-032-1,32,SEQ-04,FU-022,SC-068,Compassion Learns Logistics,ENTRY,Ulaga Aravi feeding space,Act II,Establish Ulaga Aravi feeding space as lived space before foregrounding “Compassion Learns Logistics.”,"Environment, labour and access relationships",35mm spatial master linking person and institution,"Service and danger: earthen food tones, working courtyards, gathering dusk",Carry sound from the previous unit into this geography,"Prefer practical environment, crowd and object interaction; use VFX for extension or sacred discontinuity only, never as evidence.",EV-0054;EV-0067;EV-0153;EV-0022;EV-0023;EV-0032;EV-0033;EV-0049;EV-0050;EV-0060,AD-0023;AD-0024;AD-0073;AD-0079;AD-0009;AD-0010;AD-0011;AD-0013;AD-0021;AD-0022;AD-0029,[INTERPRETATION] grounded in registered evidence and decisions,DESCRIPTION_READY
SB-032-2,32,SEQ-04,FU-022,SC-068,Compassion Learns Logistics,DECISION,Ulaga Aravi feeding space,Act II,Stage the unit's decisive movement: Show Manimekalai learning that care requires other workers recipient knowledge water access order and recovery from mistakes,"The person making, resisting or receiving the consequential action",50mm decisive action or exchange,"Service and danger: earthen food tones, working courtyards, gathering dusk",Let action and listening lead; music must not pre-decide moral meaning,"Prefer practical environment, crowd and object interaction; use VFX for extension or sacred discontinuity only, never as evidence.",EV-0054;EV-0067;EV-0153;EV-0022;EV-0023;EV-0032;EV-0033;EV-0049;EV-0050;EV-0060,AD-0023;AD-0024;AD-0073;AD-0079;AD-0009;AD-0010;AD-0011;AD-0013;AD-0021;AD-0022;AD-0029,[INTERPRETATION] grounded in registered evidence and decisions,DESCRIPTION_READY
SB-032-3,32,SEQ-04,FU-022,SC-068,Compassion Learns Logistics,CONSEQUENCE,Ulaga Aravi feeding space,Act II,Hold the changed condition after “Compassion Learns Logistics” and hand it to the next unit.,"Material consequence, witness, object or altered relationship",65mm knowledge-change detail leading the transition,"Service and danger: earthen food tones, working courtyards, gathering dusk",Use the registered continuous_scene transition,"Prefer practical environment, crowd and object interaction; use VFX for extension or sacred discontinuity only, never as evidence.",EV-0054;EV-0067;EV-0153;EV-0022;EV-0023;EV-0032;EV-0033;EV-0049;EV-0050;EV-0060,AD-0023;AD-0024;AD-0073;AD-0079;AD-0009;AD-0010;AD-0011;AD-0013;AD-0021;AD-0022;AD-0029,[INTERPRETATION] grounded in registered evidence and decisions,DESCRIPTION_READY
SB-033-1,33,SEQ-04,FU-023,SC-019,Enough,ENTRY,Ulaga Aravi,Act II,Establish Ulaga Aravi as lived space before foregrounding “Enough.”,"Environment, labour and access relationships",35mm spatial master linking person and institution,"Service and danger: earthen food tones, working courtyards, gathering dusk",Carry sound from the previous unit into this geography,"Prefer practical environment, crowd and object interaction; use VFX for extension or sacred discontinuity only, never as evidence.",EV-0055,AD-0021;AD-0024,[INTERPRETATION] grounded in registered evidence and decisions,DESCRIPTION_READY
SB-033-2,33,SEQ-04,FU-023,SC-019,Enough,DECISION,Ulaga Aravi,Act II,Stage the unit's decisive movement: Let Kayasandihai experience satiety and bodily stillness without comedy or spectacle,"The person making, resisting or receiving the consequential action",50mm decisive action or exchange,"Service and danger: earthen food tones, working courtyards, gathering dusk",Let action and listening lead; music must not pre-decide moral meaning,"Prefer practical environment, crowd and object interaction; use VFX for extension or sacred discontinuity only, never as evidence.",EV-0055,AD-0021;AD-0024,[INTERPRETATION] grounded in registered evidence and decisions,DESCRIPTION_READY
SB-033-3,33,SEQ-04,FU-023,SC-019,Enough,CONSEQUENCE,Ulaga Aravi,Act II,Hold the changed condition after “Enough” and hand it to the next unit.,"Material consequence, witness, object or altered relationship",65mm knowledge-change detail leading the transition,"Service and danger: earthen food tones, working courtyards, gathering dusk",Use the registered continuous_scene transition,"Prefer practical environment, crowd and object interaction; use VFX for extension or sacred discontinuity only, never as evidence.",EV-0055,AD-0021;AD-0024,[INTERPRETATION] grounded in registered evidence and decisions,DESCRIPTION_READY
SB-034-1,34,SEQ-04,FU-024,SC-020,The Prison Kitchen,ENTRY,Former royal prison,Act II,Establish Former royal prison as lived space before foregrounding “The Prison Kitchen.”,"Environment, labour and access relationships",35mm spatial master linking person and institution,"Service and danger: earthen food tones, working courtyards, gathering dusk",Carry sound from the previous unit into this geography,"Prefer practical environment, crowd and object interaction; use VFX for extension or sacred discontinuity only, never as evidence.",EV-0041;EV-0056;EV-0067;EV-0091;EV-0101;EV-0123,AD-0017;AD-0023;AD-0025;AD-0044;AD-0059,[INTERPRETATION] grounded in registered evidence and decisions,DESCRIPTION_READY
SB-034-2,34,SEQ-04,FU-024,SC-020,The Prison Kitchen,DECISION,Former royal prison,Act II,"Stage the unit's decisive movement: Make prison reform visible through opened spaces, water, storage, cooking, lodging and new social roles","The person making, resisting or receiving the consequential action",50mm decisive action or exchange,"Service and danger: earthen food tones, working courtyards, gathering dusk",Let action and listening lead; music must not pre-decide moral meaning,"Prefer practical environment, crowd and object interaction; use VFX for extension or sacred discontinuity only, never as evidence.",EV-0041;EV-0056;EV-0067;EV-0091;EV-0101;EV-0123,AD-0017;AD-0023;AD-0025;AD-0044;AD-0059,[INTERPRETATION] grounded in registered evidence and decisions,DESCRIPTION_READY
SB-034-3,34,SEQ-04,FU-024,SC-020,The Prison Kitchen,CONSEQUENCE,Former royal prison,Act II,Hold the changed condition after “The Prison Kitchen” and hand it to the next unit.,"Material consequence, witness, object or altered relationship",65mm knowledge-change detail leading the transition,"Service and danger: earthen food tones, working courtyards, gathering dusk",Use the registered continuous_scene transition,"Prefer practical environment, crowd and object interaction; use VFX for extension or sacred discontinuity only, never as evidence.",EV-0041;EV-0056;EV-0067;EV-0091;EV-0101;EV-0123,AD-0017;AD-0023;AD-0025;AD-0044;AD-0059,[INTERPRETATION] grounded in registered evidence and decisions,DESCRIPTION_READY
SB-035-1,35,SEQ-05,FU-025,SC-107,A Crown as Protection,ENTRY,Udayakumaran's court,Act II-A,Establish Udayakumaran's court as lived space before foregrounding “A Crown as Protection.”,"Environment, labour and access relationships",35mm spatial master linking person and institution,"Service and danger: earthen food tones, working courtyards, gathering dusk",Carry sound from the previous unit into this geography,"Prefer practical environment, crowd and object interaction; use VFX for extension or sacred discontinuity only, never as evidence.",EV-0230;EV-0231,AD-0120,[INTERPRETATION] grounded in registered evidence and decisions,DESCRIPTION_READY
SB-035-2,35,SEQ-05,FU-025,SC-107,A Crown as Protection,DECISION,Udayakumaran's court,Act II-A,Stage the unit's decisive movement: Show Chitrapathi persuading the prince through survival logic while preserving his agency,"The person making, resisting or receiving the consequential action",50mm decisive action or exchange,"Service and danger: earthen food tones, working courtyards, gathering dusk",Let action and listening lead; music must not pre-decide moral meaning,"Prefer practical environment, crowd and object interaction; use VFX for extension or sacred discontinuity only, never as evidence.",EV-0230;EV-0231,AD-0120,[INTERPRETATION] grounded in registered evidence and decisions,DESCRIPTION_READY
SB-035-3,35,SEQ-05,FU-025,SC-107,A Crown as Protection,CONSEQUENCE,Udayakumaran's court,Act II-A,Hold the changed condition after “A Crown as Protection” and hand it to the next unit.,"Material consequence, witness, object or altered relationship",65mm knowledge-change detail leading the transition,"Service and danger: earthen food tones, working courtyards, gathering dusk",Use the registered continuous_scene transition,"Prefer practical environment, crowd and object interaction; use VFX for extension or sacred discontinuity only, never as evidence.",EV-0230;EV-0231,AD-0120,[INTERPRETATION] grounded in registered evidence and decisions,DESCRIPTION_READY
SB-036-1,36,SEQ-05,FU-026,SC-092,Memory Is Not Permission,ENTRY,Puhar confrontation,Act II,Establish Puhar confrontation as lived space before foregrounding “Memory Is Not Permission.”,"Environment, labour and access relationships",40mm relational master preserving distance and power,"Service and danger: earthen food tones, working courtyards, gathering dusk",Carry sound from the previous unit into this geography,"Prefer practical environment, crowd and object interaction; use VFX for extension or sacred discontinuity only, never as evidence.",EV-0202;EV-0203,AD-0104,[INTERPRETATION] grounded in registered evidence and decisions,DESCRIPTION_READY
SB-036-2,36,SEQ-05,FU-026,SC-092,Memory Is Not Permission,DECISION,Puhar confrontation,Act II,Stage the unit's decisive movement: Separate previous-life connection from present autonomy,"The person making, resisting or receiving the consequential action",65mm listening single; reaction before assertion,"Service and danger: earthen food tones, working courtyards, gathering dusk",Let action and listening lead; music must not pre-decide moral meaning,"Prefer practical environment, crowd and object interaction; use VFX for extension or sacred discontinuity only, never as evidence.",EV-0202;EV-0203,AD-0104,[INTERPRETATION] grounded in registered evidence and decisions,DESCRIPTION_READY
SB-036-3,36,SEQ-05,FU-026,SC-092,Memory Is Not Permission,CONSEQUENCE,Puhar confrontation,Act II,Hold the changed condition after “Memory Is Not Permission” and hand it to the next unit.,"Material consequence, witness, object or altered relationship",50mm two-plane reversal or exit,"Service and danger: earthen food tones, working courtyards, gathering dusk",Use the registered memory_or_revelation transition,"Prefer practical environment, crowd and object interaction; use VFX for extension or sacred discontinuity only, never as evidence.",EV-0202;EV-0203,AD-0104,[INTERPRETATION] grounded in registered evidence and decisions,DESCRIPTION_READY
SB-037-1,37,SEQ-05,BR-009,SC-131,Counting Indra Festivals,ENTRY,Puhar thresholds across repeated festival visits,Compressed backstory,Establish Puhar thresholds across repeated festival visits as lived space before foregrounding “Counting Indra Festivals.”,"Environment, labour and access relationships",28mm human-scale establishing frame; restrained lateral movement,"Service and danger: earthen food tones, working courtyards, gathering dusk",Carry sound from the previous unit into this geography,"Prefer practical environment, crowd and object interaction; use VFX for extension or sacred discontinuity only, never as evidence.",EV-0282;EV-0280;EV-0281,AD-0144;AD-0146;AD-0143;AD-0145,[INTERPRETATION] grounded in registered evidence and decisions,DESCRIPTION_READY
SB-037-2,37,SEQ-05,BR-009,SC-131,Counting Indra Festivals,DECISION,Puhar thresholds across repeated festival visits,Compressed backstory,Stage the unit's decisive movement: Build long separation repeated return affection and accumulating expectation while preserving uncertainty about exact visit count and duration,"The person making, resisting or receiving the consequential action",50mm observed action; camera remains at participant height,"Service and danger: earthen food tones, working courtyards, gathering dusk",Let action and listening lead; music must not pre-decide moral meaning,"Prefer practical environment, crowd and object interaction; use VFX for extension or sacred discontinuity only, never as evidence.",EV-0282;EV-0280;EV-0281,AD-0144;AD-0146;AD-0143;AD-0145,[INTERPRETATION] grounded in registered evidence and decisions,DESCRIPTION_READY
SB-037-3,37,SEQ-05,BR-009,SC-131,Counting Indra Festivals,CONSEQUENCE,Puhar thresholds across repeated festival visits,Compressed backstory,Hold the changed condition after “Counting Indra Festivals” and hand it to the next unit.,"Material consequence, witness, object or altered relationship",75mm consequence detail or environmental handoff,"Service and danger: earthen food tones, working courtyards, gathering dusk",Use the registered memory_inset transition,"Prefer practical environment, crowd and object interaction; use VFX for extension or sacred discontinuity only, never as evidence.",EV-0282;EV-0280;EV-0281,AD-0144;AD-0146;AD-0143;AD-0145,[INTERPRETATION] grounded in registered evidence and decisions,DESCRIPTION_READY
SB-038-1,38,SEQ-05,FU-028,SC-132,The Woman With His Wife's Face,ENTRY,Ulaga Aravi or temple feeding space,Act II,Establish Ulaga Aravi or temple feeding space as lived space before foregrounding “The Woman With His Wife's Face.”,"Environment, labour and access relationships",35mm spatial master linking person and institution,"Service and danger: earthen food tones, working courtyards, gathering dusk",Carry sound from the previous unit into this geography,"Prefer practical environment, crowd and object interaction; use VFX for extension or sacred discontinuity only, never as evidence.",EV-0285;EV-0283;EV-0026;EV-0033;EV-0136;EV-0144,AD-0144;AD-0145;AD-0146;AD-0009;AD-0010;AD-0068;AD-0070,[INTERPRETATION] grounded in registered evidence and decisions,DESCRIPTION_READY
SB-038-2,38,SEQ-05,FU-028,SC-132,The Woman With His Wife's Face,DECISION,Ulaga Aravi or temple feeding space,Act II,Stage the unit's decisive movement: Begin with Kanchanan's relief and loving recognition then reveal the mismatch between familiar appearance and unfamiliar response without forcing intimacy,"The person making, resisting or receiving the consequential action",50mm decisive action or exchange,"Service and danger: earthen food tones, working courtyards, gathering dusk",Let action and listening lead; music must not pre-decide moral meaning,"Prefer practical environment, crowd and object interaction; use VFX for extension or sacred discontinuity only, never as evidence.",EV-0285;EV-0283;EV-0026;EV-0033;EV-0136;EV-0144,AD-0144;AD-0145;AD-0146;AD-0009;AD-0010;AD-0068;AD-0070,[INTERPRETATION] grounded in registered evidence and decisions,DESCRIPTION_READY
SB-038-3,38,SEQ-05,FU-028,SC-132,The Woman With His Wife's Face,CONSEQUENCE,Ulaga Aravi or temple feeding space,Act II,Hold the changed condition after “The Woman With His Wife's Face” and hand it to the next unit.,"Material consequence, witness, object or altered relationship",65mm knowledge-change detail leading the transition,"Service and danger: earthen food tones, working courtyards, gathering dusk",Use the registered continuous_scene transition,"Prefer practical environment, crowd and object interaction; use VFX for extension or sacred discontinuity only, never as evidence.",EV-0285;EV-0283;EV-0026;EV-0033;EV-0136;EV-0144,AD-0144;AD-0145;AD-0146;AD-0009;AD-0010;AD-0068;AD-0070,[INTERPRETATION] grounded in registered evidence and decisions,DESCRIPTION_READY
SB-039-1,39,SEQ-05,FU-029,SC-133,What He Thinks He Sees,ENTRY,Temple public space,Act II,Establish Temple public space as lived space before foregrounding “What He Thinks He Sees.”,"Environment, labour and access relationships",35mm spatial master linking person and institution,"Service and danger: earthen food tones, working courtyards, gathering dusk",Carry sound from the previous unit into this geography,"Prefer practical environment, crowd and object interaction; use VFX for extension or sacred discontinuity only, never as evidence.",EV-0286;EV-0204;EV-0205,AD-0146;AD-0147;AD-0150;AD-0105,[INTERPRETATION] grounded in registered evidence and decisions,DESCRIPTION_READY
SB-039-2,39,SEQ-05,FU-029,SC-133,What He Thinks He Sees,DECISION,Temple public space,Act II,Stage the unit's decisive movement: Separate Manimekalai's speech to Udayakumaran from Kanchanan's interpretation of gaze smiles rejection and apparent intimacy,"The person making, resisting or receiving the consequential action",50mm decisive action or exchange,"Service and danger: earthen food tones, working courtyards, gathering dusk",Let action and listening lead; music must not pre-decide moral meaning,"Prefer practical environment, crowd and object interaction; use VFX for extension or sacred discontinuity only, never as evidence.",EV-0286;EV-0204;EV-0205,AD-0146;AD-0147;AD-0150;AD-0105,[INTERPRETATION] grounded in registered evidence and decisions,DESCRIPTION_READY
SB-039-3,39,SEQ-05,FU-029,SC-133,What He Thinks He Sees,CONSEQUENCE,Temple public space,Act II,Hold the changed condition after “What He Thinks He Sees” and hand it to the next unit.,"Material consequence, witness, object or altered relationship",65mm knowledge-change detail leading the transition,"Service and danger: earthen food tones, working courtyards, gathering dusk",Use the registered continuous_scene transition,"Prefer practical environment, crowd and object interaction; use VFX for extension or sacred discontinuity only, never as evidence.",EV-0286;EV-0204;EV-0205,AD-0146;AD-0147;AD-0150;AD-0105,[INTERPRETATION] grounded in registered evidence and decisions,DESCRIPTION_READY
SB-040-1,40,SEQ-05,FU-030,SC-134,The Sword in the Hidden Place,ENTRY,Temple interior and concealed threshold,Act II nightfall,Establish Temple interior and concealed threshold as lived space before foregrounding “The Sword in the Hidden Place.”,"Environment, labour and access relationships",35mm spatial master linking person and institution,"Service and danger: earthen food tones, working courtyards, gathering dusk",Carry sound from the previous unit into this geography,"Prefer practical environment, crowd and object interaction; use VFX for extension or sacred discontinuity only, never as evidence.",EV-0287,AD-0147;AD-0148;AD-0149,[INTERPRETATION] grounded in registered evidence and decisions,DESCRIPTION_READY
SB-040-2,40,SEQ-05,FU-030,SC-134,The Sword in the Hidden Place,DECISION,Temple interior and concealed threshold,Act II nightfall,Stage the unit's decisive movement: Make weapon possession concealment waiting and opportunities to question leave or seek witnesses visible before the prince returns,"The person making, resisting or receiving the consequential action",50mm decisive action or exchange,"Service and danger: earthen food tones, working courtyards, gathering dusk",Let action and listening lead; music must not pre-decide moral meaning,"Prefer practical environment, crowd and object interaction; use VFX for extension or sacred discontinuity only, never as evidence.",EV-0287,AD-0147;AD-0148;AD-0149,[INTERPRETATION] grounded in registered evidence and decisions,DESCRIPTION_READY
SB-040-3,40,SEQ-05,FU-030,SC-134,The Sword in the Hidden Place,CONSEQUENCE,Temple interior and concealed threshold,Act II nightfall,Hold the changed condition after “The Sword in the Hidden Place” and hand it to the next unit.,"Material consequence, witness, object or altered relationship",65mm knowledge-change detail leading the transition,"Service and danger: earthen food tones, working courtyards, gathering dusk",Use the registered continuous_scene transition,"Prefer practical environment, crowd and object interaction; use VFX for extension or sacred discontinuity only, never as evidence.",EV-0287,AD-0147;AD-0148;AD-0149,[INTERPRETATION] grounded in registered evidence and decisions,DESCRIPTION_READY
SB-041-1,41,SEQ-05,FU-031,SC-135,Midnight Without a Question,ENTRY,Temple at midnight,Act II climax,Establish Temple at midnight as lived space before foregrounding “Midnight Without a Question.”,"Environment, labour and access relationships",40mm relational master preserving distance and power,"Service and danger: earthen food tones, working courtyards, gathering dusk",Carry sound from the previous unit into this geography,"Prefer practical environment, crowd and object interaction; use VFX for extension or sacred discontinuity only, never as evidence.",EV-0288;EV-0204,AD-0148;AD-0149;AD-0150,[INTERPRETATION] grounded in registered evidence and decisions,DESCRIPTION_READY
SB-041-2,41,SEQ-05,FU-031,SC-135,Midnight Without a Question,DECISION,Temple at midnight,Act II climax,Stage the unit's decisive movement: Stage the prince's return and Kanchanan's brief asymmetric lethal strike without heroic duel romantic defence or exact wound invention before Tamil review,"The person making, resisting or receiving the consequential action",65mm listening single; reaction before assertion,"Service and danger: earthen food tones, working courtyards, gathering dusk",Let action and listening lead; music must not pre-decide moral meaning,"Prefer practical environment, crowd and object interaction; use VFX for extension or sacred discontinuity only, never as evidence.",EV-0288;EV-0204,AD-0148;AD-0149;AD-0150,[INTERPRETATION] grounded in registered evidence and decisions,DESCRIPTION_READY
SB-041-3,41,SEQ-05,FU-031,SC-135,Midnight Without a Question,CONSEQUENCE,Temple at midnight,Act II climax,Hold the changed condition after “Midnight Without a Question” and hand it to the next unit.,"Material consequence, witness, object or altered relationship",50mm two-plane reversal or exit,"Service and danger: earthen food tones, working courtyards, gathering dusk",Use the registered causal_escalation transition,"Prefer practical environment, crowd and object interaction; use VFX for extension or sacred discontinuity only, never as evidence.",EV-0288;EV-0204,AD-0148;AD-0149;AD-0150,[INTERPRETATION] grounded in registered evidence and decisions,DESCRIPTION_READY
SB-042-1,42,SEQ-05,FU-032,SC-136,Do Not Go Near Her,ENTRY,Kanthil Pavai pillar beside the body,Immediate aftermath,Establish Kanthil Pavai pillar beside the body as lived space before foregrounding “Do Not Go Near Her.”,"Environment, labour and access relationships",35mm spatial master linking person and institution,"Service and danger: earthen food tones, working courtyards, gathering dusk",Carry sound from the previous unit into this geography,"Prefer practical environment, crowd and object interaction; use VFX for extension or sacred discontinuity only, never as evidence.",EV-0289;EV-0290;EV-0284,AD-0151;AD-0152,[INTERPRETATION] grounded in registered evidence and decisions,DESCRIPTION_READY
SB-042-2,42,SEQ-05,FU-032,SC-136,Do Not Go Near Her,DECISION,Kanthil Pavai pillar beside the body,Immediate aftermath,Stage the unit's decisive movement: Deliver identity correction Kayasandihai's death Udayakumaran's fate Kanchanan's cruelty and future consequence as separate facts that progressively collapse his certainty,"The person making, resisting or receiving the consequential action",50mm decisive action or exchange,"Service and danger: earthen food tones, working courtyards, gathering dusk",Let action and listening lead; music must not pre-decide moral meaning,"Prefer practical environment, crowd and object interaction; use VFX for extension or sacred discontinuity only, never as evidence.",EV-0289;EV-0290;EV-0284,AD-0151;AD-0152,[INTERPRETATION] grounded in registered evidence and decisions,DESCRIPTION_READY
SB-042-3,42,SEQ-05,FU-032,SC-136,Do Not Go Near Her,CONSEQUENCE,Kanthil Pavai pillar beside the body,Immediate aftermath,Hold the changed condition after “Do Not Go Near Her” and hand it to the next unit.,"Material consequence, witness, object or altered relationship",65mm knowledge-change detail leading the transition,"Service and danger: earthen food tones, working courtyards, gathering dusk",Use the registered continuous_scene transition,"Prefer practical environment, crowd and object interaction; use VFX for extension or sacred discontinuity only, never as evidence.",EV-0289;EV-0290;EV-0284,AD-0151;AD-0152,[INTERPRETATION] grounded in registered evidence and decisions,DESCRIPTION_READY
SB-043-1,43,SEQ-05,FU-033,SC-069,After the Prince Falls,ENTRY,Death site and immediate aftermath,Act II midpoint,Establish Death site and immediate aftermath as lived space before foregrounding “After the Prince Falls.”,"Environment, labour and access relationships",35mm spatial master linking person and institution,"Service and danger: earthen food tones, working courtyards, gathering dusk",Carry sound from the previous unit into this geography,"Prefer practical environment, crowd and object interaction; use VFX for extension or sacred discontinuity only, never as evidence.",EV-0155;EV-0146;EV-0206;EV-0207,AD-0058;AD-0062;AD-0073;AD-0076;AD-0105;AD-0106,[INTERPRETATION] grounded in registered evidence and decisions,DESCRIPTION_READY
SB-043-2,43,SEQ-05,FU-033,SC-069,After the Prince Falls,DECISION,Death site and immediate aftermath,Act II midpoint,Stage the unit's decisive movement: Force Manimekalai to hold grief fear mistaken recognition and responsibility without accepting the claim that refusal caused the prince's death,"The person making, resisting or receiving the consequential action",50mm decisive action or exchange,"Service and danger: earthen food tones, working courtyards, gathering dusk",Let action and listening lead; music must not pre-decide moral meaning,"Prefer practical environment, crowd and object interaction; use VFX for extension or sacred discontinuity only, never as evidence.",EV-0155;EV-0146;EV-0206;EV-0207,AD-0058;AD-0062;AD-0073;AD-0076;AD-0105;AD-0106,[INTERPRETATION] grounded in registered evidence and decisions,DESCRIPTION_READY
SB-043-3,43,SEQ-05,FU-033,SC-069,After the Prince Falls,CONSEQUENCE,Death site and immediate aftermath,Act II midpoint,Hold the changed condition after “After the Prince Falls” and hand it to the next unit.,"Material consequence, witness, object or altered relationship",65mm knowledge-change detail leading the transition,"Service and danger: earthen food tones, working courtyards, gathering dusk",Use the registered causal_escalation transition,"Prefer practical environment, crowd and object interaction; use VFX for extension or sacred discontinuity only, never as evidence.",EV-0155;EV-0146;EV-0206;EV-0207,AD-0058;AD-0062;AD-0073;AD-0076;AD-0105;AD-0106,[INTERPRETATION] grounded in registered evidence and decisions,DESCRIPTION_READY
SB-044-1,44,SEQ-06,FU-034,SC-050,The Court Hears the Death,ENTRY,Royal court,Act II,Establish Royal court as lived space before foregrounding “The Court Hears the Death.”,"Environment, labour and access relationships",35mm spatial master linking person and institution,"Palace grief: controlled lamplight, stone shadow, colour withheld without monochrome",Carry sound from the previous unit into this geography,"Prefer practical environment, crowd and object interaction; use VFX for extension or sacred discontinuity only, never as evidence.",EV-0124;EV-0125,AD-0058;AD-0060,[INTERPRETATION] grounded in registered evidence and decisions,DESCRIPTION_READY
SB-044-2,44,SEQ-06,FU-034,SC-050,The Court Hears the Death,DECISION,Royal court,Act II,Stage the unit's decisive movement: Separate grief from investigation and responsibility,"The person making, resisting or receiving the consequential action",50mm decisive action or exchange,"Palace grief: controlled lamplight, stone shadow, colour withheld without monochrome",Let action and listening lead; music must not pre-decide moral meaning,"Prefer practical environment, crowd and object interaction; use VFX for extension or sacred discontinuity only, never as evidence.",EV-0124;EV-0125,AD-0058;AD-0060,[INTERPRETATION] grounded in registered evidence and decisions,DESCRIPTION_READY
SB-044-3,44,SEQ-06,FU-034,SC-050,The Court Hears the Death,CONSEQUENCE,Royal court,Act II,Hold the changed condition after “The Court Hears the Death” and hand it to the next unit.,"Material consequence, witness, object or altered relationship",65mm knowledge-change detail leading the transition,"Palace grief: controlled lamplight, stone shadow, colour withheld without monochrome",Use the registered continuous_scene transition,"Prefer practical environment, crowd and object interaction; use VFX for extension or sacred discontinuity only, never as evidence.",EV-0124;EV-0125,AD-0058;AD-0060,[INTERPRETATION] grounded in registered evidence and decisions,DESCRIPTION_READY
SB-045-1,45,SEQ-06,FU-035,SC-112,Vasantavai Does Not Bless Her,ENTRY,Queen's chamber,Act II,Establish Queen's chamber as lived space before foregrounding “Vasantavai Does Not Bless Her.”,"Environment, labour and access relationships",35mm spatial master linking person and institution,"Palace grief: controlled lamplight, stone shadow, colour withheld without monochrome",Carry sound from the previous unit into this geography,"Prefer practical environment, crowd and object interaction; use VFX for extension or sacred discontinuity only, never as evidence.",EV-0245;EV-0124;EV-0125;EV-0208;EV-0244,AD-0124;AD-0129;AD-0060;AD-0106,[INTERPRETATION] grounded in registered evidence and decisions,DESCRIPTION_READY
SB-045-2,45,SEQ-06,FU-035,SC-112,Vasantavai Does Not Bless Her,DECISION,Queen's chamber,Act II,Stage the unit's decisive movement: Break the possibility that grief can automatically become heroic memory and show the queen seeking a different path,"The person making, resisting or receiving the consequential action",50mm decisive action or exchange,"Palace grief: controlled lamplight, stone shadow, colour withheld without monochrome",Let action and listening lead; music must not pre-decide moral meaning,"Prefer practical environment, crowd and object interaction; use VFX for extension or sacred discontinuity only, never as evidence.",EV-0245;EV-0124;EV-0125;EV-0208;EV-0244,AD-0124;AD-0129;AD-0060;AD-0106,[INTERPRETATION] grounded in registered evidence and decisions,DESCRIPTION_READY
SB-045-3,45,SEQ-06,FU-035,SC-112,Vasantavai Does Not Bless Her,CONSEQUENCE,Queen's chamber,Act II,Hold the changed condition after “Vasantavai Does Not Bless Her” and hand it to the next unit.,"Material consequence, witness, object or altered relationship",65mm knowledge-change detail leading the transition,"Palace grief: controlled lamplight, stone shadow, colour withheld without monochrome",Use the registered continuous_scene transition,"Prefer practical environment, crowd and object interaction; use VFX for extension or sacred discontinuity only, never as evidence.",EV-0245;EV-0124;EV-0125;EV-0208;EV-0244,AD-0124;AD-0129;AD-0060;AD-0106,[INTERPRETATION] grounded in registered evidence and decisions,DESCRIPTION_READY
SB-046-1,46,SEQ-06,FU-036,SC-113,Protection as a Lie,ENTRY,King's court and queen's palace,Act II,Establish King's court and queen's palace as lived space before foregrounding “Protection as a Lie.”,"Environment, labour and access relationships",35mm spatial master linking person and institution,"Palace grief: controlled lamplight, stone shadow, colour withheld without monochrome",Carry sound from the previous unit into this geography,"Prefer practical environment, crowd and object interaction; use VFX for extension or sacred discontinuity only, never as evidence.",EV-0246;EV-0247;EV-0248;EV-0057;EV-0124;EV-0134;EV-0145,AD-0125;AD-0026;AD-0066;AD-0070,[INTERPRETATION] grounded in registered evidence and decisions,DESCRIPTION_READY
SB-046-2,46,SEQ-06,FU-036,SC-113,Protection as a Lie,DECISION,King's court and queen's palace,Act II,Stage the unit's decisive movement: Contrast public request for Manimekalai's release with private intention to control her,"The person making, resisting or receiving the consequential action",50mm decisive action or exchange,"Palace grief: controlled lamplight, stone shadow, colour withheld without monochrome",Let action and listening lead; music must not pre-decide moral meaning,"Prefer practical environment, crowd and object interaction; use VFX for extension or sacred discontinuity only, never as evidence.",EV-0246;EV-0247;EV-0248;EV-0057;EV-0124;EV-0134;EV-0145,AD-0125;AD-0026;AD-0066;AD-0070,[INTERPRETATION] grounded in registered evidence and decisions,DESCRIPTION_READY
SB-046-3,46,SEQ-06,FU-036,SC-113,Protection as a Lie,CONSEQUENCE,King's court and queen's palace,Act II,Hold the changed condition after “Protection as a Lie” and hand it to the next unit.,"Material consequence, witness, object or altered relationship",65mm knowledge-change detail leading the transition,"Palace grief: controlled lamplight, stone shadow, colour withheld without monochrome",Use the registered continuous_scene transition,"Prefer practical environment, crowd and object interaction; use VFX for extension or sacred discontinuity only, never as evidence.",EV-0246;EV-0247;EV-0248;EV-0057;EV-0124;EV-0134;EV-0145,AD-0125;AD-0026;AD-0066;AD-0070,[INTERPRETATION] grounded in registered evidence and decisions,DESCRIPTION_READY
SB-047-1,47,SEQ-06,FU-037,SC-114,The Cup and the Witnesses,ENTRY,Queen's palace,Act II,Establish Queen's palace as lived space before foregrounding “The Cup and the Witnesses.”,"Environment, labour and access relationships",35mm spatial master linking person and institution,"Palace grief: controlled lamplight, stone shadow, colour withheld without monochrome",Carry sound from the previous unit into this geography,"Prefer practical environment, crowd and object interaction; use VFX for extension or sacred discontinuity only, never as evidence.",EV-0249,AD-0126;AD-0127,[INTERPRETATION] grounded in registered evidence and decisions,DESCRIPTION_READY
SB-047-2,47,SEQ-06,FU-037,SC-114,The Cup and the Witnesses,DECISION,Queen's palace,Act II,"Stage the unit's decisive movement: Show the drugging attempt through power, preparation and failure without turning it into spectacle","The person making, resisting or receiving the consequential action",50mm decisive action or exchange,"Palace grief: controlled lamplight, stone shadow, colour withheld without monochrome",Let action and listening lead; music must not pre-decide moral meaning,"Prefer practical environment, crowd and object interaction; use VFX for extension or sacred discontinuity only, never as evidence.",EV-0249,AD-0126;AD-0127,[INTERPRETATION] grounded in registered evidence and decisions,DESCRIPTION_READY
SB-047-3,47,SEQ-06,FU-037,SC-114,The Cup and the Witnesses,CONSEQUENCE,Queen's palace,Act II,Hold the changed condition after “The Cup and the Witnesses” and hand it to the next unit.,"Material consequence, witness, object or altered relationship",65mm knowledge-change detail leading the transition,"Palace grief: controlled lamplight, stone shadow, colour withheld without monochrome",Use the registered causal_escalation transition,"Prefer practical environment, crowd and object interaction; use VFX for extension or sacred discontinuity only, never as evidence.",EV-0249,AD-0126;AD-0127,[INTERPRETATION] grounded in registered evidence and decisions,DESCRIPTION_READY
SB-048-1,48,SEQ-06,FU-038,SC-115,A Reputation for Sale,ENTRY,Palace routes and city gossip,Act II,Establish Palace routes and city gossip as lived space before foregrounding “A Reputation for Sale.”,"Environment, labour and access relationships",35mm spatial master linking person and institution,"Palace grief: controlled lamplight, stone shadow, colour withheld without monochrome",Carry sound from the previous unit into this geography,"Prefer practical environment, crowd and object interaction; use VFX for extension or sacred discontinuity only, never as evidence.",EV-0250,AD-0126;AD-0127,[INTERPRETATION] grounded in registered evidence and decisions,DESCRIPTION_READY
SB-048-2,48,SEQ-06,FU-038,SC-115,A Reputation for Sale,DECISION,Palace routes and city gossip,Act II,Stage the unit's decisive movement: Show the paid man's false accusation as weaponised reputation and social harm,"The person making, resisting or receiving the consequential action",50mm decisive action or exchange,"Palace grief: controlled lamplight, stone shadow, colour withheld without monochrome",Let action and listening lead; music must not pre-decide moral meaning,"Prefer practical environment, crowd and object interaction; use VFX for extension or sacred discontinuity only, never as evidence.",EV-0250,AD-0126;AD-0127,[INTERPRETATION] grounded in registered evidence and decisions,DESCRIPTION_READY
SB-048-3,48,SEQ-06,FU-038,SC-115,A Reputation for Sale,CONSEQUENCE,Palace routes and city gossip,Act II,Hold the changed condition after “A Reputation for Sale” and hand it to the next unit.,"Material consequence, witness, object or altered relationship",65mm knowledge-change detail leading the transition,"Palace grief: controlled lamplight, stone shadow, colour withheld without monochrome",Use the registered causal_escalation transition,"Prefer practical environment, crowd and object interaction; use VFX for extension or sacred discontinuity only, never as evidence.",EV-0250,AD-0126;AD-0127,[INTERPRETATION] grounded in registered evidence and decisions,DESCRIPTION_READY
SB-049-1,49,SEQ-06,FU-039,SC-116,The Room Without Food,ENTRY,Palace confinement,Act II,Establish Palace confinement as lived space before foregrounding “The Room Without Food.”,"Environment, labour and access relationships",35mm spatial master linking person and institution,"Palace grief: controlled lamplight, stone shadow, colour withheld without monochrome",Carry sound from the previous unit into this geography,"Prefer practical environment, crowd and object interaction; use VFX for extension or sacred discontinuity only, never as evidence.",EV-0251;EV-0259;EV-0048;EV-0057;EV-0156;EV-0159;EV-0162,AD-0128;AD-0021;AD-0026;AD-0028;AD-0069;AD-0070;AD-0073,[INTERPRETATION] grounded in registered evidence and decisions,DESCRIPTION_READY
SB-049-2,49,SEQ-06,FU-039,SC-116,The Room Without Food,DECISION,Palace confinement,Act II,Stage the unit's decisive movement: Reveal starvation as an order carried through an institution and connect it with hunger ethics,"The person making, resisting or receiving the consequential action",50mm decisive action or exchange,"Palace grief: controlled lamplight, stone shadow, colour withheld without monochrome",Let action and listening lead; music must not pre-decide moral meaning,"Prefer practical environment, crowd and object interaction; use VFX for extension or sacred discontinuity only, never as evidence.",EV-0251;EV-0259;EV-0048;EV-0057;EV-0156;EV-0159;EV-0162,AD-0128;AD-0021;AD-0026;AD-0028;AD-0069;AD-0070;AD-0073,[INTERPRETATION] grounded in registered evidence and decisions,DESCRIPTION_READY
SB-049-3,49,SEQ-06,FU-039,SC-116,The Room Without Food,CONSEQUENCE,Palace confinement,Act II,Hold the changed condition after “The Room Without Food” and hand it to the next unit.,"Material consequence, witness, object or altered relationship",65mm knowledge-change detail leading the transition,"Palace grief: controlled lamplight, stone shadow, colour withheld without monochrome",Use the registered causal_escalation transition,"Prefer practical environment, crowd and object interaction; use VFX for extension or sacred discontinuity only, never as evidence.",EV-0251;EV-0259;EV-0048;EV-0057;EV-0156;EV-0159;EV-0162,AD-0128;AD-0021;AD-0026;AD-0028;AD-0069;AD-0070;AD-0073,[INTERPRETATION] grounded in registered evidence and decisions,DESCRIPTION_READY
SB-050-1,50,SEQ-07,FU-040,SC-117,Are You Mourning the Body?,ENTRY,Palace confinement,Act II,Establish Palace confinement as lived space before foregrounding “Are You Mourning the Body?.”,"Environment, labour and access relationships",40mm relational master preserving distance and power,"Palace grief: controlled lamplight, stone shadow, colour withheld without monochrome",Carry sound from the previous unit into this geography,"Prefer practical environment, crowd and object interaction; use VFX for extension or sacred discontinuity only, never as evidence.",EV-0253;EV-0254;EV-0255;EV-0124;EV-0125;EV-0134;EV-0145,AD-0129;AD-0130;AD-0058;AD-0069;AD-0070,[INTERPRETATION] grounded in registered evidence and decisions,DESCRIPTION_READY
SB-050-2,50,SEQ-07,FU-040,SC-117,Are You Mourning the Body?,DECISION,Palace confinement,Act II,"Stage the unit's decisive movement: Stage Manimekalai and Rajamadevi's confrontation around grief, rebirth, responsibility and compassion","The person making, resisting or receiving the consequential action",65mm listening single; reaction before assertion,"Palace grief: controlled lamplight, stone shadow, colour withheld without monochrome",Let action and listening lead; music must not pre-decide moral meaning,"Prefer practical environment, crowd and object interaction; use VFX for extension or sacred discontinuity only, never as evidence.",EV-0253;EV-0254;EV-0255;EV-0124;EV-0125;EV-0134;EV-0145,AD-0129;AD-0130;AD-0058;AD-0069;AD-0070,[INTERPRETATION] grounded in registered evidence and decisions,DESCRIPTION_READY
SB-050-3,50,SEQ-07,FU-040,SC-117,Are You Mourning the Body?,CONSEQUENCE,Palace confinement,Act II,Hold the changed condition after “Are You Mourning the Body?” and hand it to the next unit.,"Material consequence, witness, object or altered relationship",50mm two-plane reversal or exit,"Palace grief: controlled lamplight, stone shadow, colour withheld without monochrome",Use the registered causal_escalation transition,"Prefer practical environment, crowd and object interaction; use VFX for extension or sacred discontinuity only, never as evidence.",EV-0253;EV-0254;EV-0255;EV-0124;EV-0125;EV-0134;EV-0145,AD-0129;AD-0130;AD-0058;AD-0069;AD-0070,[INTERPRETATION] grounded in registered evidence and decisions,DESCRIPTION_READY
SB-051-1,51,SEQ-07,FU-041,SC-118,Keep Her With Me,ENTRY,Queen's palace,Act III transition,Establish Queen's palace as lived space before foregrounding “Keep Her With Me.”,"Environment, labour and access relationships",35mm spatial master linking person and institution,"Palace grief: controlled lamplight, stone shadow, colour withheld without monochrome",Carry sound from the previous unit into this geography,"Prefer practical environment, crowd and object interaction; use VFX for extension or sacred discontinuity only, never as evidence.",EV-0256;EV-0232;EV-0239,AD-0130;AD-0131;AD-0121,[INTERPRETATION] grounded in registered evidence and decisions,DESCRIPTION_READY
SB-051-2,51,SEQ-07,FU-041,SC-118,Keep Her With Me,DECISION,Queen's palace,Act III transition,Stage the unit's decisive movement: Show recognition mixed with continued attachment and unresolved possession after Chitrapathi's request,"The person making, resisting or receiving the consequential action",50mm decisive action or exchange,"Palace grief: controlled lamplight, stone shadow, colour withheld without monochrome",Let action and listening lead; music must not pre-decide moral meaning,"Prefer practical environment, crowd and object interaction; use VFX for extension or sacred discontinuity only, never as evidence.",EV-0256;EV-0232;EV-0239,AD-0130;AD-0131;AD-0121,[INTERPRETATION] grounded in registered evidence and decisions,DESCRIPTION_READY
SB-051-3,51,SEQ-07,FU-041,SC-118,Keep Her With Me,CONSEQUENCE,Queen's palace,Act III transition,Hold the changed condition after “Keep Her With Me” and hand it to the next unit.,"Material consequence, witness, object or altered relationship",65mm knowledge-change detail leading the transition,"Palace grief: controlled lamplight, stone shadow, colour withheld without monochrome",Use the registered continuous_scene transition,"Prefer practical environment, crowd and object interaction; use VFX for extension or sacred discontinuity only, never as evidence.",EV-0256;EV-0232;EV-0239,AD-0130;AD-0131;AD-0121,[INTERPRETATION] grounded in registered evidence and decisions,DESCRIPTION_READY
SB-052-1,52,SEQ-07,FU-042,SC-102,The Elder at the Queen's Gate,ENTRY,Rajamadevi's palace,Act II-C,Establish Rajamadevi's palace as lived space before foregrounding “The Elder at the Queen's Gate.”,"Environment, labour and access relationships",35mm spatial master linking person and institution,"Palace grief: controlled lamplight, stone shadow, colour withheld without monochrome",Carry sound from the previous unit into this geography,"Prefer practical environment, crowd and object interaction; use VFX for extension or sacred discontinuity only, never as evidence.",EV-0218;EV-0226;EV-0134,AD-0066;AD-0070;AD-0114,[INTERPRETATION] grounded in registered evidence and decisions,DESCRIPTION_READY
SB-052-2,52,SEQ-07,FU-042,SC-102,The Elder at the Queen's Gate,DECISION,Rajamadevi's palace,Act II-C,Stage the unit's decisive movement: Show Madhavi and Sudhamathi bringing testimony to Aravana and his moral intervention operating through access questions and political pressure rather than aura,"The person making, resisting or receiving the consequential action",50mm decisive action or exchange,"Palace grief: controlled lamplight, stone shadow, colour withheld without monochrome",Let action and listening lead; music must not pre-decide moral meaning,"Prefer practical environment, crowd and object interaction; use VFX for extension or sacred discontinuity only, never as evidence.",EV-0218;EV-0226;EV-0134,AD-0066;AD-0070;AD-0114,[INTERPRETATION] grounded in registered evidence and decisions,DESCRIPTION_READY
SB-052-3,52,SEQ-07,FU-042,SC-102,The Elder at the Queen's Gate,CONSEQUENCE,Rajamadevi's palace,Act II-C,Hold the changed condition after “The Elder at the Queen's Gate” and hand it to the next unit.,"Material consequence, witness, object or altered relationship",65mm knowledge-change detail leading the transition,"Palace grief: controlled lamplight, stone shadow, colour withheld without monochrome",Use the registered continuous_scene transition,"Prefer practical environment, crowd and object interaction; use VFX for extension or sacred discontinuity only, never as evidence.",EV-0218;EV-0226;EV-0134,AD-0066;AD-0070;AD-0114,[INTERPRETATION] grounded in registered evidence and decisions,DESCRIPTION_READY
SB-053-1,53,SEQ-07,FU-043,SC-119,The Queen Steps Away From the Door,ENTRY,Palace threshold,Act III,Establish Palace threshold as lived space before foregrounding “The Queen Steps Away From the Door.”,"Environment, labour and access relationships",28mm human-scale establishing frame; restrained lateral movement,"Palace grief: controlled lamplight, stone shadow, colour withheld without monochrome",Carry sound from the previous unit into this geography,"Prefer practical environment, crowd and object interaction; use VFX for extension or sacred discontinuity only, never as evidence.",EV-0257;EV-0258;EV-0122;EV-0123;EV-0156;EV-0171;EV-0179,AD-0131;AD-0132;AD-0056;AD-0059;AD-0083;AD-0086;AD-0090,[INTERPRETATION] grounded in registered evidence and decisions,DESCRIPTION_READY
SB-053-2,53,SEQ-07,FU-043,SC-119,The Queen Steps Away From the Door,DECISION,Palace threshold,Act III,Stage the unit's decisive movement: Show Rajamadevi's mature act as allowing independent departure rather than retaining Manimekalai through affection,"The person making, resisting or receiving the consequential action",50mm observed action; camera remains at participant height,"Palace grief: controlled lamplight, stone shadow, colour withheld without monochrome",Let action and listening lead; music must not pre-decide moral meaning,"Prefer practical environment, crowd and object interaction; use VFX for extension or sacred discontinuity only, never as evidence.",EV-0257;EV-0258;EV-0122;EV-0123;EV-0156;EV-0171;EV-0179,AD-0131;AD-0132;AD-0056;AD-0059;AD-0083;AD-0086;AD-0090,[INTERPRETATION] grounded in registered evidence and decisions,DESCRIPTION_READY
SB-053-3,53,SEQ-07,FU-043,SC-119,The Queen Steps Away From the Door,CONSEQUENCE,Palace threshold,Act III,Hold the changed condition after “The Queen Steps Away From the Door” and hand it to the next unit.,"Material consequence, witness, object or altered relationship",75mm consequence detail or environmental handoff,"Palace grief: controlled lamplight, stone shadow, colour withheld without monochrome",Use the registered continuous_scene transition,"Prefer practical environment, crowd and object interaction; use VFX for extension or sacred discontinuity only, never as evidence.",EV-0257;EV-0258;EV-0122;EV-0123;EV-0156;EV-0171;EV-0179,AD-0131;AD-0132;AD-0056;AD-0059;AD-0083;AD-0086;AD-0090,[INTERPRETATION] grounded in registered evidence and decisions,DESCRIPTION_READY
SB-054-1,54,SEQ-08,FU-044,SC-138,The King Without Hunger,ENTRY,Punniyarajan's prosperous garden and court,Act III branch opening,Establish Punniyarajan's prosperous garden and court as lived space before foregrounding “The King Without Hunger.”,"Environment, labour and access relationships",35mm spatial master linking person and institution,"Savaka and memory: fertile green against bone, sand and administrative cloth",Carry sound from the previous unit into this geography,"Prefer practical environment, crowd and object interaction; use VFX for extension or sacred discontinuity only, never as evidence.",EV-0295;EV-0297;EV-0299;EV-0298;EV-0305,AD-0153;AD-0156;AD-0154,[INTERPRETATION] grounded in registered evidence and decisions,DESCRIPTION_READY
SB-054-2,54,SEQ-08,FU-044,SC-138,The King Without Hunger,DECISION,Punniyarajan's prosperous garden and court,Act III branch opening,Stage the unit's decisive movement: Introduce a ruler whose land appears abundant while establishing pleasure status and incomplete self-knowledge before Manimekalai's challenge,"The person making, resisting or receiving the consequential action",50mm decisive action or exchange,"Savaka and memory: fertile green against bone, sand and administrative cloth",Let action and listening lead; music must not pre-decide moral meaning,"Prefer practical environment, crowd and object interaction; use VFX for extension or sacred discontinuity only, never as evidence.",EV-0295;EV-0297;EV-0299;EV-0298;EV-0305,AD-0153;AD-0156;AD-0154,[INTERPRETATION] grounded in registered evidence and decisions,DESCRIPTION_READY
SB-054-3,54,SEQ-08,FU-044,SC-138,The King Without Hunger,CONSEQUENCE,Punniyarajan's prosperous garden and court,Act III branch opening,Hold the changed condition after “The King Without Hunger” and hand it to the next unit.,"Material consequence, witness, object or altered relationship",65mm knowledge-change detail leading the transition,"Savaka and memory: fertile green against bone, sand and administrative cloth",Use the registered continuous_scene transition,"Prefer practical environment, crowd and object interaction; use VFX for extension or sacred discontinuity only, never as evidence.",EV-0295;EV-0297;EV-0299;EV-0298;EV-0305,AD-0153;AD-0156;AD-0154,[INTERPRETATION] grounded in registered evidence and decisions,DESCRIPTION_READY
SB-055-1,55,SEQ-08,FU-045,SC-140,The Minister's Warning,ENTRY,Administrative or royal audience chamber,Act III branch turn,Establish Administrative or royal audience chamber as lived space before foregrounding “The Minister's Warning.”,"Environment, labour and access relationships",40mm relational master preserving distance and power,"Savaka and memory: fertile green against bone, sand and administrative cloth",Carry sound from the previous unit into this geography,"Prefer practical environment, crowd and object interaction; use VFX for extension or sacred discontinuity only, never as evidence.",EV-0299;EV-0300;EV-0301,AD-0155;AD-0156;AD-0157;AD-0158,[INTERPRETATION] grounded in registered evidence and decisions,DESCRIPTION_READY
SB-055-2,55,SEQ-08,FU-045,SC-140,The Minister's Warning,DECISION,Administrative or royal audience chamber,Act III branch turn,Stage the unit's decisive movement: Give Janamithran moral authority to place mothers children creatures and royal duty inside the king's private search for liberation,"The person making, resisting or receiving the consequential action",65mm listening single; reaction before assertion,"Savaka and memory: fertile green against bone, sand and administrative cloth",Let action and listening lead; music must not pre-decide moral meaning,"Prefer practical environment, crowd and object interaction; use VFX for extension or sacred discontinuity only, never as evidence.",EV-0299;EV-0300;EV-0301,AD-0155;AD-0156;AD-0157;AD-0158,[INTERPRETATION] grounded in registered evidence and decisions,DESCRIPTION_READY
SB-055-3,55,SEQ-08,FU-045,SC-140,The Minister's Warning,CONSEQUENCE,Administrative or royal audience chamber,Act III branch turn,Hold the changed condition after “The Minister's Warning” and hand it to the next unit.,"Material consequence, witness, object or altered relationship",50mm two-plane reversal or exit,"Savaka and memory: fertile green against bone, sand and administrative cloth",Use the registered continuous_scene transition,"Prefer practical environment, crowd and object interaction; use VFX for extension or sacred discontinuity only, never as evidence.",EV-0299;EV-0300;EV-0301,AD-0155;AD-0156;AD-0157;AD-0158,[INTERPRETATION] grounded in registered evidence and decisions,DESCRIPTION_READY
SB-056-1,56,SEQ-08,FU-046,SC-142,The Mirror of the Peedihai,ENTRY,Manipallavam Dharma Peedihai,Act III branch midpoint,Establish Manipallavam Dharma Peedihai as lived space before foregrounding “The Mirror of the Peedihai.”,"Environment, labour and access relationships",35mm spatial master linking person and institution,"Savaka and memory: fertile green against bone, sand and administrative cloth",Carry sound from the previous unit into this geography,"Prefer practical environment, crowd and object interaction; use VFX for extension or sacred discontinuity only, never as evidence.",EV-0295;EV-0302;EV-0305;EV-0303;EV-0304,AD-0153;AD-0154;AD-0162;AD-0159,[INTERPRETATION] grounded in registered evidence and decisions,DESCRIPTION_READY
SB-056-2,56,SEQ-08,FU-046,SC-142,The Mirror of the Peedihai,DECISION,Manipallavam Dharma Peedihai,Act III branch midpoint,Stage the unit's decisive movement: Reveal Aputhiran's prior life in layers while preserving Punniyarajan's present body relationships and political identity,"The person making, resisting or receiving the consequential action",50mm decisive action or exchange,"Savaka and memory: fertile green against bone, sand and administrative cloth",Let action and listening lead; music must not pre-decide moral meaning,"Prefer practical environment, crowd and object interaction; use VFX for extension or sacred discontinuity only, never as evidence.",EV-0295;EV-0302;EV-0305;EV-0303;EV-0304,AD-0153;AD-0154;AD-0162;AD-0159,[INTERPRETATION] grounded in registered evidence and decisions,DESCRIPTION_READY
SB-056-3,56,SEQ-08,FU-046,SC-142,The Mirror of the Peedihai,CONSEQUENCE,Manipallavam Dharma Peedihai,Act III branch midpoint,Hold the changed condition after “The Mirror of the Peedihai” and hand it to the next unit.,"Material consequence, witness, object or altered relationship",65mm knowledge-change detail leading the transition,"Savaka and memory: fertile green against bone, sand and administrative cloth",Use the registered memory_or_revelation transition,"Prefer practical environment, crowd and object interaction; use VFX for extension or sacred discontinuity only, never as evidence.",EV-0295;EV-0302;EV-0305;EV-0303;EV-0304,AD-0153;AD-0154;AD-0162;AD-0159,[INTERPRETATION] grounded in registered evidence and decisions,DESCRIPTION_READY
SB-057-1,57,SEQ-08,FU-047,SC-144,Bones Beneath the Punnai Tree,ENTRY,Gomukhi pond and punnai-tree shore,Act III branch climax,Establish Gomukhi pond and punnai-tree shore as lived space before foregrounding “Bones Beneath the Punnai Tree.”,"Environment, labour and access relationships",35mm spatial master linking person and institution,"Savaka and memory: fertile green against bone, sand and administrative cloth",Carry sound from the previous unit into this geography,"Prefer practical environment, crowd and object interaction; use VFX for extension or sacred discontinuity only, never as evidence.",EV-0302;EV-0304;EV-0306,AD-0160,[INTERPRETATION] grounded in registered evidence and decisions,DESCRIPTION_READY
SB-057-2,57,SEQ-08,FU-047,SC-144,Bones Beneath the Punnai Tree,DECISION,Gomukhi pond and punnai-tree shore,Act III branch climax,Stage the unit's decisive movement: Use Deepathilahai's revelation of the nine merchants to complicate Aputhiran's self-relinquishment through visible unintended consequence,"The person making, resisting or receiving the consequential action",50mm decisive action or exchange,"Savaka and memory: fertile green against bone, sand and administrative cloth",Let action and listening lead; music must not pre-decide moral meaning,"Prefer practical environment, crowd and object interaction; use VFX for extension or sacred discontinuity only, never as evidence.",EV-0302;EV-0304;EV-0306,AD-0160,[INTERPRETATION] grounded in registered evidence and decisions,DESCRIPTION_READY
SB-057-3,57,SEQ-08,FU-047,SC-144,Bones Beneath the Punnai Tree,CONSEQUENCE,Gomukhi pond and punnai-tree shore,Act III branch climax,Hold the changed condition after “Bones Beneath the Punnai Tree” and hand it to the next unit.,"Material consequence, witness, object or altered relationship",65mm knowledge-change detail leading the transition,"Savaka and memory: fertile green against bone, sand and administrative cloth",Use the registered continuous_scene transition,"Prefer practical environment, crowd and object interaction; use VFX for extension or sacred discontinuity only, never as evidence.",EV-0302;EV-0304;EV-0306,AD-0160,[INTERPRETATION] grounded in registered evidence and decisions,DESCRIPTION_READY
SB-058-1,58,SEQ-08,FU-048,SC-145,The King Who Wants to Disappear,ENTRY,Manipallavam shoreline or departure camp,Act III branch crisis,Establish Manipallavam shoreline or departure camp as lived space before foregrounding “The King Who Wants to Disappear.”,"Environment, labour and access relationships",35mm spatial master linking person and institution,"Savaka and memory: fertile green against bone, sand and administrative cloth",Carry sound from the previous unit into this geography,"Prefer practical environment, crowd and object interaction; use VFX for extension or sacred discontinuity only, never as evidence.",EV-0300;EV-0305;EV-0306,AD-0155;AD-0158;AD-0160,[INTERPRETATION] grounded in registered evidence and decisions,DESCRIPTION_READY
SB-058-2,58,SEQ-08,FU-048,SC-145,The King Who Wants to Disappear,DECISION,Manipallavam shoreline or departure camp,Act III branch crisis,Stage the unit's decisive movement: Let Punniyarajan consider whether remembered holiness releases him from present kingship and make Manimekalai or the remembered ministerial warning return duty to the frame,"The person making, resisting or receiving the consequential action",50mm decisive action or exchange,"Savaka and memory: fertile green against bone, sand and administrative cloth",Let action and listening lead; music must not pre-decide moral meaning,"Prefer practical environment, crowd and object interaction; use VFX for extension or sacred discontinuity only, never as evidence.",EV-0300;EV-0305;EV-0306,AD-0155;AD-0158;AD-0160,[INTERPRETATION] grounded in registered evidence and decisions,DESCRIPTION_READY
SB-058-3,58,SEQ-08,FU-048,SC-145,The King Who Wants to Disappear,CONSEQUENCE,Manipallavam shoreline or departure camp,Act III branch crisis,Hold the changed condition after “The King Who Wants to Disappear” and hand it to the next unit.,"Material consequence, witness, object or altered relationship",65mm knowledge-change detail leading the transition,"Savaka and memory: fertile green against bone, sand and administrative cloth",Use the registered continuous_scene transition,"Prefer practical environment, crowd and object interaction; use VFX for extension or sacred discontinuity only, never as evidence.",EV-0300;EV-0305;EV-0306,AD-0155;AD-0158;AD-0160,[INTERPRETATION] grounded in registered evidence and decisions,DESCRIPTION_READY
SB-059-1,59,SEQ-08,FU-049,SC-146,Return Is Also a Vow,ENTRY,Sea journey and home harbour,Act III branch resolution,Establish Sea journey and home harbour as lived space before foregrounding “Return Is Also a Vow.”,"Environment, labour and access relationships",35mm spatial master linking person and institution,"Savaka and memory: fertile green against bone, sand and administrative cloth",Carry sound from the previous unit into this geography,"Prefer practical environment, crowd and object interaction; use VFX for extension or sacred discontinuity only, never as evidence.",EV-0301;EV-0305;EV-0306;EV-0299;EV-0300,AD-0158;AD-0161;AD-0153;AD-0155;AD-0156;AD-0162,[INTERPRETATION] grounded in registered evidence and decisions,DESCRIPTION_READY
SB-059-2,59,SEQ-08,FU-049,SC-146,Return Is Also a Vow,DECISION,Sea journey and home harbour,Act III branch resolution,Stage the unit's decisive movement: Turn return into an active spiritual decision rather than defeat by reconnecting the king with delegated government and waiting subjects,"The person making, resisting or receiving the consequential action",50mm decisive action or exchange,"Savaka and memory: fertile green against bone, sand and administrative cloth",Let action and listening lead; music must not pre-decide moral meaning,"Prefer practical environment, crowd and object interaction; use VFX for extension or sacred discontinuity only, never as evidence.",EV-0301;EV-0305;EV-0306;EV-0299;EV-0300,AD-0158;AD-0161;AD-0153;AD-0155;AD-0156;AD-0162,[INTERPRETATION] grounded in registered evidence and decisions,DESCRIPTION_READY
SB-059-3,59,SEQ-08,FU-049,SC-146,Return Is Also a Vow,CONSEQUENCE,Sea journey and home harbour,Act III branch resolution,Hold the changed condition after “Return Is Also a Vow” and hand it to the next unit.,"Material consequence, witness, object or altered relationship",65mm knowledge-change detail leading the transition,"Savaka and memory: fertile green against bone, sand and administrative cloth",Use the registered continuous_scene transition,"Prefer practical environment, crowd and object interaction; use VFX for extension or sacred discontinuity only, never as evidence.",EV-0301;EV-0305;EV-0306;EV-0299;EV-0300,AD-0158;AD-0161;AD-0153;AD-0155;AD-0156;AD-0162,[INTERPRETATION] grounded in registered evidence and decisions,DESCRIPTION_READY
SB-060-1,60,SEQ-09,FU-050,SC-031,The Road Away From Salt,ENTRY,Eastern coastal plain to Kaveri interior,Act III travel,Establish Eastern coastal plain to Kaveri interior as lived space before foregrounding “The Road Away From Salt.”,"Environment, labour and access relationships",28mm human-scale establishing frame; restrained lateral movement,"Inquiry: neutral daylight, distinct school textures, no winner's halo",Carry sound from the previous unit into this geography,"Prefer practical environment, crowd and object interaction; use VFX for extension or sacred discontinuity only, never as evidence.",EV-0080;EV-0085;EV-0219;EV-0222;EV-0075,AD-0035;AD-0036;AD-0108;AD-0110,[INTERPRETATION] grounded in registered evidence and decisions,DESCRIPTION_READY
SB-060-2,60,SEQ-09,FU-050,SC-031,The Road Away From Salt,DECISION,Eastern coastal plain to Kaveri interior,Act III travel,Stage the unit's decisive movement: Move Manimekalai from maritime Puhar toward the Chera world through changing ecology labour and overland dependency,"The person making, resisting or receiving the consequential action",50mm observed action; camera remains at participant height,"Inquiry: neutral daylight, distinct school textures, no winner's halo",Let action and listening lead; music must not pre-decide moral meaning,"Prefer practical environment, crowd and object interaction; use VFX for extension or sacred discontinuity only, never as evidence.",EV-0080;EV-0085;EV-0219;EV-0222;EV-0075,AD-0035;AD-0036;AD-0108;AD-0110,[INTERPRETATION] grounded in registered evidence and decisions,DESCRIPTION_READY
SB-060-3,60,SEQ-09,FU-050,SC-031,The Road Away From Salt,CONSEQUENCE,Eastern coastal plain to Kaveri interior,Act III travel,Hold the changed condition after “The Road Away From Salt” and hand it to the next unit.,"Material consequence, witness, object or altered relationship",75mm consequence detail or environmental handoff,"Inquiry: neutral daylight, distinct school textures, no winner's halo",Use the registered spatial_or_montage transition,"Prefer practical environment, crowd and object interaction; use VFX for extension or sacred discontinuity only, never as evidence.",EV-0080;EV-0085;EV-0219;EV-0222;EV-0075,AD-0035;AD-0036;AD-0108;AD-0110,[INTERPRETATION] grounded in registered evidence and decisions,DESCRIPTION_READY
SB-061-1,61,SEQ-09,FU-051,SC-032,The Inland City of Arguments,ENTRY,Vanji Karur Amaravati production zone,Act III,Establish Vanji Karur Amaravati production zone as lived space before foregrounding “The Inland City of Arguments.”,"Environment, labour and access relationships",40mm relational master preserving distance and power,"Inquiry: neutral daylight, distinct school textures, no winner's halo",Carry sound from the previous unit into this geography,"Prefer practical environment, crowd and object interaction; use VFX for extension or sacred discontinuity only, never as evidence.",EV-0036;EV-0037;EV-0078;EV-0079;EV-0087,AD-0015;AD-0019;AD-0035;AD-0039,[INTERPRETATION] grounded in registered evidence and decisions,DESCRIPTION_READY
SB-061-2,61,SEQ-09,FU-051,SC-032,The Inland City of Arguments,DECISION,Vanji Karur Amaravati production zone,Act III,Stage the unit's decisive movement: Establish Vanji as an inland Chera exchange and intellectual centre without declaring Karur the only possible literary identification,"The person making, resisting or receiving the consequential action",65mm listening single; reaction before assertion,"Inquiry: neutral daylight, distinct school textures, no winner's halo",Let action and listening lead; music must not pre-decide moral meaning,"Prefer practical environment, crowd and object interaction; use VFX for extension or sacred discontinuity only, never as evidence.",EV-0036;EV-0037;EV-0078;EV-0079;EV-0087,AD-0015;AD-0019;AD-0035;AD-0039,[INTERPRETATION] grounded in registered evidence and decisions,DESCRIPTION_READY
SB-061-3,61,SEQ-09,FU-051,SC-032,The Inland City of Arguments,CONSEQUENCE,Vanji Karur Amaravati production zone,Act III,Hold the changed condition after “The Inland City of Arguments” and hand it to the next unit.,"Material consequence, witness, object or altered relationship",50mm two-plane reversal or exit,"Inquiry: neutral daylight, distinct school textures, no winner's halo",Use the registered spatial_or_montage transition,"Prefer practical environment, crowd and object interaction; use VFX for extension or sacred discontinuity only, never as evidence.",EV-0036;EV-0037;EV-0078;EV-0079;EV-0087,AD-0015;AD-0019;AD-0035;AD-0039,[INTERPRETATION] grounded in registered evidence and decisions,DESCRIPTION_READY
SB-062-1,62,SEQ-09,FU-052,SC-071,Questions in Another Voice,ENTRY,Vanji teaching quarters,Act III,Establish Vanji teaching quarters as lived space before foregrounding “Questions in Another Voice.”,"Environment, labour and access relationships",40mm relational master preserving distance and power,"Inquiry: neutral daylight, distinct school textures, no winner's halo",Carry sound from the previous unit into this geography,"Prefer practical environment, crowd and object interaction; use VFX for extension or sacred discontinuity only, never as evidence.",EV-0154;EV-0157;EV-0160;EV-0036;EV-0137;EV-0144,AD-0019;AD-0068;AD-0074;AD-0077;AD-0069,[INTERPRETATION] grounded in registered evidence and decisions,DESCRIPTION_READY
SB-062-2,62,SEQ-09,FU-052,SC-071,Questions in Another Voice,DECISION,Vanji teaching quarters,Act III,Stage the unit's decisive movement: Use the sage form to expose gendered intellectual access while making Manimekalai test claims rather than repeat revelation,"The person making, resisting or receiving the consequential action",65mm listening single; reaction before assertion,"Inquiry: neutral daylight, distinct school textures, no winner's halo",Let action and listening lead; music must not pre-decide moral meaning,"Prefer practical environment, crowd and object interaction; use VFX for extension or sacred discontinuity only, never as evidence.",EV-0154;EV-0157;EV-0160;EV-0036;EV-0137;EV-0144,AD-0019;AD-0068;AD-0074;AD-0077;AD-0069,[INTERPRETATION] grounded in registered evidence and decisions,DESCRIPTION_READY
SB-062-3,62,SEQ-09,FU-052,SC-071,Questions in Another Voice,CONSEQUENCE,Vanji teaching quarters,Act III,Hold the changed condition after “Questions in Another Voice” and hand it to the next unit.,"Material consequence, witness, object or altered relationship",50mm two-plane reversal or exit,"Inquiry: neutral daylight, distinct school textures, no winner's halo",Use the registered continuous_scene transition,"Prefer practical environment, crowd and object interaction; use VFX for extension or sacred discontinuity only, never as evidence.",EV-0154;EV-0157;EV-0160;EV-0036;EV-0137;EV-0144,AD-0019;AD-0068;AD-0074;AD-0077;AD-0069,[INTERPRETATION] grounded in registered evidence and decisions,DESCRIPTION_READY
SB-063-1,63,SEQ-09,FU-053,SC-010,The Unknown Sage Listens,ENTRY,Vanji teaching quarters,Act III,Establish Vanji teaching quarters as lived space before foregrounding “The Unknown Sage Listens.”,"Environment, labour and access relationships",40mm relational master preserving distance and power,"Inquiry: neutral daylight, distinct school textures, no winner's halo",Carry sound from the previous unit into this geography,"Prefer practical environment, crowd and object interaction; use VFX for extension or sacred discontinuity only, never as evidence.",EV-0036;EV-0037;EV-0046,AD-0015;AD-0019;AD-0020,[INTERPRETATION] grounded in registered evidence and decisions,DESCRIPTION_READY
SB-063-2,63,SEQ-09,FU-053,SC-010,The Unknown Sage Listens,DECISION,Vanji teaching quarters,Act III,Stage the unit's decisive movement: Give Manimekalai access to rival schools while revealing that authority is socially read through body and performance,"The person making, resisting or receiving the consequential action",65mm listening single; reaction before assertion,"Inquiry: neutral daylight, distinct school textures, no winner's halo",Let action and listening lead; music must not pre-decide moral meaning,"Prefer practical environment, crowd and object interaction; use VFX for extension or sacred discontinuity only, never as evidence.",EV-0036;EV-0037;EV-0046,AD-0015;AD-0019;AD-0020,[INTERPRETATION] grounded in registered evidence and decisions,DESCRIPTION_READY
SB-063-3,63,SEQ-09,FU-053,SC-010,The Unknown Sage Listens,CONSEQUENCE,Vanji teaching quarters,Act III,Hold the changed condition after “The Unknown Sage Listens” and hand it to the next unit.,"Material consequence, witness, object or altered relationship",50mm two-plane reversal or exit,"Inquiry: neutral daylight, distinct school textures, no winner's halo",Use the registered continuous_scene transition,"Prefer practical environment, crowd and object interaction; use VFX for extension or sacred discontinuity only, never as evidence.",EV-0036;EV-0037;EV-0046,AD-0015;AD-0019;AD-0020,[INTERPRETATION] grounded in registered evidence and decisions,DESCRIPTION_READY
SB-064-1,64,SEQ-09,FU-054,SC-011,When the Drum Falls Silent,ENTRY,Vanji materialist circle,Act III,Establish Vanji materialist circle as lived space before foregrounding “When the Drum Falls Silent.”,"Environment, labour and access relationships",35mm spatial master linking person and institution,"Inquiry: neutral daylight, distinct school textures, no winner's halo",Carry sound from the previous unit into this geography,"Prefer practical environment, crowd and object interaction; use VFX for extension or sacred discontinuity only, never as evidence.",EV-0038;EV-0044;EV-0047,AD-0015;AD-0017;AD-0020,[INTERPRETATION] grounded in registered evidence and decisions,DESCRIPTION_READY
SB-064-2,64,SEQ-09,FU-054,SC-011,When the Drum Falls Silent,DECISION,Vanji materialist circle,Act III,Stage the unit's decisive movement: Stage the strongest challenge to rebirth and force Manimekalai to distinguish memory from proof,"The person making, resisting or receiving the consequential action",50mm decisive action or exchange,"Inquiry: neutral daylight, distinct school textures, no winner's halo",Let action and listening lead; music must not pre-decide moral meaning,"Prefer practical environment, crowd and object interaction; use VFX for extension or sacred discontinuity only, never as evidence.",EV-0038;EV-0044;EV-0047,AD-0015;AD-0017;AD-0020,[INTERPRETATION] grounded in registered evidence and decisions,DESCRIPTION_READY
SB-064-3,64,SEQ-09,FU-054,SC-011,When the Drum Falls Silent,CONSEQUENCE,Vanji materialist circle,Act III,Hold the changed condition after “When the Drum Falls Silent” and hand it to the next unit.,"Material consequence, witness, object or altered relationship",65mm knowledge-change detail leading the transition,"Inquiry: neutral daylight, distinct school textures, no winner's halo",Use the registered causal_escalation transition,"Prefer practical environment, crowd and object interaction; use VFX for extension or sacred discontinuity only, never as evidence.",EV-0038;EV-0044;EV-0047,AD-0015;AD-0017;AD-0020,[INTERPRETATION] grounded in registered evidence and decisions,DESCRIPTION_READY
SB-065-1,65,SEQ-09,FU-055,SC-104,Perception Inference and the Student's Error,ENTRY,Kanchi teaching space connected to famine relief,Act III,Establish Kanchi teaching space connected to famine relief as lived space before foregrounding “Perception Inference and the Student's Error.”,"Environment, labour and access relationships",35mm spatial master linking person and institution,"Inquiry: neutral daylight, distinct school textures, no winner's halo",Carry sound from the previous unit into this geography,"Prefer practical environment, crowd and object interaction; use VFX for extension or sacred discontinuity only, never as evidence.",EV-0220;EV-0225;EV-0157;EV-0039;EV-0046,AD-0074;AD-0115;AD-0116;AD-0117;AD-0016;AD-0017,[INTERPRETATION] grounded in registered evidence and decisions,DESCRIPTION_READY
SB-065-2,65,SEQ-09,FU-055,SC-104,Perception Inference and the Student's Error,DECISION,Kanchi teaching space connected to famine relief,Act III,Stage the unit's decisive movement: Let Manimekalai offer an incomplete inference and work with Aravana through observable evidence correction and application to suffering,"The person making, resisting or receiving the consequential action",50mm decisive action or exchange,"Inquiry: neutral daylight, distinct school textures, no winner's halo",Let action and listening lead; music must not pre-decide moral meaning,"Prefer practical environment, crowd and object interaction; use VFX for extension or sacred discontinuity only, never as evidence.",EV-0220;EV-0225;EV-0157;EV-0039;EV-0046,AD-0074;AD-0115;AD-0116;AD-0117;AD-0016;AD-0017,[INTERPRETATION] grounded in registered evidence and decisions,DESCRIPTION_READY
SB-065-3,65,SEQ-09,FU-055,SC-104,Perception Inference and the Student's Error,CONSEQUENCE,Kanchi teaching space connected to famine relief,Act III,Hold the changed condition after “Perception Inference and the Student's Error” and hand it to the next unit.,"Material consequence, witness, object or altered relationship",65mm knowledge-change detail leading the transition,"Inquiry: neutral daylight, distinct school textures, no winner's halo",Use the registered continuous_scene transition,"Prefer practical environment, crowd and object interaction; use VFX for extension or sacred discontinuity only, never as evidence.",EV-0220;EV-0225;EV-0157;EV-0039;EV-0046,AD-0074;AD-0115;AD-0116;AD-0117;AD-0016;AD-0017,[INTERPRETATION] grounded in registered evidence and decisions,DESCRIPTION_READY
SB-066-1,66,SEQ-10,FU-056,SC-013,The Chain of Hunger,ENTRY,Kanchi streets and feeding centre,Act III,Establish Kanchi streets and feeding centre as lived space before foregrounding “The Chain of Hunger.”,"Environment, labour and access relationships",35mm spatial master linking person and institution,"Kanchi: dust and depleted colour recovering through water, labour and shared food",Carry sound from the previous unit into this geography,"Prefer practical environment, crowd and object interaction; use VFX for extension or sacred discontinuity only, never as evidence.",EV-0040;EV-0041;EV-0046;EV-0048;EV-0049;EV-0058;EV-0059;EV-0060;EV-0061;EV-0062;EV-0065;EV-0067,AD-0016;AD-0017;AD-0021;AD-0023;AD-0024;AD-0027;AD-0029;AD-0030,[INTERPRETATION] grounded in registered evidence and decisions,DESCRIPTION_READY
SB-066-2,66,SEQ-10,FU-056,SC-013,The Chain of Hunger,DECISION,Kanchi streets and feeding centre,Act III,"Stage the unit's decisive movement: Connect dependent causation to crop failure, water, price, storage, illness, grief, access and ethical intervention","The person making, resisting or receiving the consequential action",50mm decisive action or exchange,"Kanchi: dust and depleted colour recovering through water, labour and shared food",Let action and listening lead; music must not pre-decide moral meaning,"Prefer practical environment, crowd and object interaction; use VFX for extension or sacred discontinuity only, never as evidence.",EV-0040;EV-0041;EV-0046;EV-0048;EV-0049;EV-0058;EV-0059;EV-0060;EV-0061;EV-0062;EV-0065;EV-0067,AD-0016;AD-0017;AD-0021;AD-0023;AD-0024;AD-0027;AD-0029;AD-0030,[INTERPRETATION] grounded in registered evidence and decisions,DESCRIPTION_READY
SB-066-3,66,SEQ-10,FU-056,SC-013,The Chain of Hunger,CONSEQUENCE,Kanchi streets and feeding centre,Act III,Hold the changed condition after “The Chain of Hunger” and hand it to the next unit.,"Material consequence, witness, object or altered relationship",65mm knowledge-change detail leading the transition,"Kanchi: dust and depleted colour recovering through water, labour and shared food",Use the registered continuous_scene transition,"Prefer practical environment, crowd and object interaction; use VFX for extension or sacred discontinuity only, never as evidence.",EV-0040;EV-0041;EV-0046;EV-0048;EV-0049;EV-0058;EV-0059;EV-0060;EV-0061;EV-0062;EV-0065;EV-0067,AD-0016;AD-0017;AD-0021;AD-0023;AD-0024;AD-0027;AD-0029;AD-0030,[INTERPRETATION] grounded in registered evidence and decisions,DESCRIPTION_READY
SB-067-1,67,SEQ-10,FU-057,SC-033,Famine Reaches the Road First,ENTRY,Vanji to Kanchi approach corridor,Act III,Establish Vanji to Kanchi approach corridor as lived space before foregrounding “Famine Reaches the Road First.”,"Environment, labour and access relationships",28mm human-scale establishing frame; restrained lateral movement,"Kanchi: dust and depleted colour recovering through water, labour and shared food",Carry sound from the previous unit into this geography,"Prefer practical environment, crowd and object interaction; use VFX for extension or sacred discontinuity only, never as evidence.",EV-0059;EV-0065;EV-0080;EV-0085;EV-0096;EV-0098;EV-0100;EV-0101,AD-0021;AD-0027;AD-0036;AD-0037;AD-0042;AD-0046,[INTERPRETATION] grounded in registered evidence and decisions,DESCRIPTION_READY
SB-067-2,67,SEQ-10,FU-057,SC-033,Famine Reaches the Road First,DECISION,Vanji to Kanchi approach corridor,Act III,Stage the unit's decisive movement: Reveal Kanchi's crisis through disrupted traffic migration weakened animals and news before the city appears,"The person making, resisting or receiving the consequential action",50mm observed action; camera remains at participant height,"Kanchi: dust and depleted colour recovering through water, labour and shared food",Let action and listening lead; music must not pre-decide moral meaning,"Prefer practical environment, crowd and object interaction; use VFX for extension or sacred discontinuity only, never as evidence.",EV-0059;EV-0065;EV-0080;EV-0085;EV-0096;EV-0098;EV-0100;EV-0101,AD-0021;AD-0027;AD-0036;AD-0037;AD-0042;AD-0046,[INTERPRETATION] grounded in registered evidence and decisions,DESCRIPTION_READY
SB-067-3,67,SEQ-10,FU-057,SC-033,Famine Reaches the Road First,CONSEQUENCE,Vanji to Kanchi approach corridor,Act III,Hold the changed condition after “Famine Reaches the Road First” and hand it to the next unit.,"Material consequence, witness, object or altered relationship",75mm consequence detail or environmental handoff,"Kanchi: dust and depleted colour recovering through water, labour and shared food",Use the registered spatial_or_montage transition,"Prefer practical environment, crowd and object interaction; use VFX for extension or sacred discontinuity only, never as evidence.",EV-0059;EV-0065;EV-0080;EV-0085;EV-0096;EV-0098;EV-0100;EV-0101,AD-0021;AD-0027;AD-0036;AD-0037;AD-0042;AD-0046,[INTERPRETATION] grounded in registered evidence and decisions,DESCRIPTION_READY
SB-068-1,68,SEQ-10,FU-058,SC-046,The Workshop That Stops,ENTRY,Kanchi craft household,Act III,Establish Kanchi craft household as lived space before foregrounding “The Workshop That Stops.”,"Environment, labour and access relationships",28mm human-scale establishing frame; restrained lateral movement,"Kanchi: dust and depleted colour recovering through water, labour and shared food",Carry sound from the previous unit into this geography,"Prefer practical environment, crowd and object interaction; use VFX for extension or sacred discontinuity only, never as evidence.",EV-0108;EV-0121;EV-0028;EV-0029;EV-0031;EV-0032;EV-0033;EV-0051;EV-0059;EV-0065,AD-0055;AD-0009;AD-0012;AD-0013;AD-0021;AD-0027;AD-0028;AD-0030,[INTERPRETATION] grounded in registered evidence and decisions,DESCRIPTION_READY
SB-068-2,68,SEQ-10,FU-058,SC-046,The Workshop That Stops,DECISION,Kanchi craft household,Act III,Stage the unit's decisive movement: Connect famine to lost fuel sold tools weakened labour and collapse of demand before the family seeks relief,"The person making, resisting or receiving the consequential action",50mm observed action; camera remains at participant height,"Kanchi: dust and depleted colour recovering through water, labour and shared food",Let action and listening lead; music must not pre-decide moral meaning,"Prefer practical environment, crowd and object interaction; use VFX for extension or sacred discontinuity only, never as evidence.",EV-0108;EV-0121;EV-0028;EV-0029;EV-0031;EV-0032;EV-0033;EV-0051;EV-0059;EV-0065,AD-0055;AD-0009;AD-0012;AD-0013;AD-0021;AD-0027;AD-0028;AD-0030,[INTERPRETATION] grounded in registered evidence and decisions,DESCRIPTION_READY
SB-068-3,68,SEQ-10,FU-058,SC-046,The Workshop That Stops,CONSEQUENCE,Kanchi craft household,Act III,Hold the changed condition after “The Workshop That Stops” and hand it to the next unit.,"Material consequence, witness, object or altered relationship",75mm consequence detail or environmental handoff,"Kanchi: dust and depleted colour recovering through water, labour and shared food",Use the registered spatial_or_montage transition,"Prefer practical environment, crowd and object interaction; use VFX for extension or sacred discontinuity only, never as evidence.",EV-0108;EV-0121;EV-0028;EV-0029;EV-0031;EV-0032;EV-0033;EV-0051;EV-0059;EV-0065,AD-0055;AD-0009;AD-0012;AD-0013;AD-0021;AD-0027;AD-0028;AD-0030,[INTERPRETATION] grounded in registered evidence and decisions,DESCRIPTION_READY
SB-069-1,69,SEQ-10,FU-059,SC-047,The Market Contains Food,ENTRY,Kanchi grain street and relief route,Act III,Establish Kanchi grain street and relief route as lived space before foregrounding “The Market Contains Food.”,"Environment, labour and access relationships",28mm human-scale establishing frame; restrained lateral movement,"Kanchi: dust and depleted colour recovering through water, labour and shared food",Carry sound from the previous unit into this geography,"Prefer practical environment, crowd and object interaction; use VFX for extension or sacred discontinuity only, never as evidence.",EV-0103;EV-0107;EV-0118;EV-0121;EV-0059;EV-0061;EV-0062;EV-0065,AD-0051;AD-0055;AD-0021;AD-0027;AD-0030,[INTERPRETATION] grounded in registered evidence and decisions,DESCRIPTION_READY
SB-069-2,69,SEQ-10,FU-059,SC-047,The Market Contains Food,DECISION,Kanchi grain street and relief route,Act III,Stage the unit's decisive movement: Show goods present but inaccessible to households without work purchasing power or social support,"The person making, resisting or receiving the consequential action",50mm observed action; camera remains at participant height,"Kanchi: dust and depleted colour recovering through water, labour and shared food",Let action and listening lead; music must not pre-decide moral meaning,"Prefer practical environment, crowd and object interaction; use VFX for extension or sacred discontinuity only, never as evidence.",EV-0103;EV-0107;EV-0118;EV-0121;EV-0059;EV-0061;EV-0062;EV-0065,AD-0051;AD-0055;AD-0021;AD-0027;AD-0030,[INTERPRETATION] grounded in registered evidence and decisions,DESCRIPTION_READY
SB-069-3,69,SEQ-10,FU-059,SC-047,The Market Contains Food,CONSEQUENCE,Kanchi grain street and relief route,Act III,Hold the changed condition after “The Market Contains Food” and hand it to the next unit.,"Material consequence, witness, object or altered relationship",75mm consequence detail or environmental handoff,"Kanchi: dust and depleted colour recovering through water, labour and shared food",Use the registered spatial_or_montage transition,"Prefer practical environment, crowd and object interaction; use VFX for extension or sacred discontinuity only, never as evidence.",EV-0103;EV-0107;EV-0118;EV-0121;EV-0059;EV-0061;EV-0062;EV-0065,AD-0051;AD-0055;AD-0021;AD-0027;AD-0030,[INTERPRETATION] grounded in registered evidence and decisions,DESCRIPTION_READY
SB-070-1,70,SEQ-10,FU-060,SC-023,The King Asks Why,ENTRY,Kanchi palace and affected districts,Act III,Establish Kanchi palace and affected districts as lived space before foregrounding “The King Asks Why.”,"Environment, labour and access relationships",35mm spatial master linking person and institution,"Kanchi: dust and depleted colour recovering through water, labour and shared food",Carry sound from the previous unit into this geography,"Prefer practical environment, crowd and object interaction; use VFX for extension or sacred discontinuity only, never as evidence.",EV-0058;EV-0059;EV-0065,AD-0017;AD-0021;AD-0027;AD-0028,[INTERPRETATION] grounded in registered evidence and decisions,DESCRIPTION_READY
SB-070-2,70,SEQ-10,FU-060,SC-023,The King Asks Why,DECISION,Kanchi palace and affected districts,Act III,"Stage the unit's decisive movement: Force royal accountability after insufficient relief, water and distribution measures fail","The person making, resisting or receiving the consequential action",50mm decisive action or exchange,"Kanchi: dust and depleted colour recovering through water, labour and shared food",Let action and listening lead; music must not pre-decide moral meaning,"Prefer practical environment, crowd and object interaction; use VFX for extension or sacred discontinuity only, never as evidence.",EV-0058;EV-0059;EV-0065,AD-0017;AD-0021;AD-0027;AD-0028,[INTERPRETATION] grounded in registered evidence and decisions,DESCRIPTION_READY
SB-070-3,70,SEQ-10,FU-060,SC-023,The King Asks Why,CONSEQUENCE,Kanchi palace and affected districts,Act III,Hold the changed condition after “The King Asks Why” and hand it to the next unit.,"Material consequence, witness, object or altered relationship",65mm knowledge-change detail leading the transition,"Kanchi: dust and depleted colour recovering through water, labour and shared food",Use the registered continuous_scene transition,"Prefer practical environment, crowd and object interaction; use VFX for extension or sacred discontinuity only, never as evidence.",EV-0058;EV-0059;EV-0065,AD-0017;AD-0021;AD-0027;AD-0028,[INTERPRETATION] grounded in registered evidence and decisions,DESCRIPTION_READY
SB-071-1,71,SEQ-10,FU-061,SC-024,Eighteen Languages,ENTRY,Kanchi relief centre,Act III,Establish Kanchi relief centre as lived space before foregrounding “Eighteen Languages.”,"Environment, labour and access relationships",28mm human-scale establishing frame; restrained lateral movement,"Kanchi: dust and depleted colour recovering through water, labour and shared food",Carry sound from the previous unit into this geography,"Prefer practical environment, crowd and object interaction; use VFX for extension or sacred discontinuity only, never as evidence.",EV-0049;EV-0060;EV-0067,AD-0023;AD-0024;AD-0029,[INTERPRETATION] grounded in registered evidence and decisions,DESCRIPTION_READY
SB-071-2,71,SEQ-10,FU-061,SC-024,Eighteen Languages,DECISION,Kanchi relief centre,Act III,"Stage the unit's decisive movement: Make universal access visible through multilingual, disability-aware and human-nonhuman feeding that the city learns to sustain","The person making, resisting or receiving the consequential action",50mm observed action; camera remains at participant height,"Kanchi: dust and depleted colour recovering through water, labour and shared food",Let action and listening lead; music must not pre-decide moral meaning,"Prefer practical environment, crowd and object interaction; use VFX for extension or sacred discontinuity only, never as evidence.",EV-0049;EV-0060;EV-0067,AD-0023;AD-0024;AD-0029,[INTERPRETATION] grounded in registered evidence and decisions,DESCRIPTION_READY
SB-071-3,71,SEQ-10,FU-061,SC-024,Eighteen Languages,CONSEQUENCE,Kanchi relief centre,Act III,Hold the changed condition after “Eighteen Languages” and hand it to the next unit.,"Material consequence, witness, object or altered relationship",75mm consequence detail or environmental handoff,"Kanchi: dust and depleted colour recovering through water, labour and shared food",Use the registered spatial_or_montage transition,"Prefer practical environment, crowd and object interaction; use VFX for extension or sacred discontinuity only, never as evidence.",EV-0049;EV-0060;EV-0067,AD-0023;AD-0024;AD-0029,[INTERPRETATION] grounded in registered evidence and decisions,DESCRIPTION_READY
SB-072-1,72,SEQ-10,FU-062,SC-014,After All Arguments,ENTRY,Kanchi quiet enclosure,Ending,Establish Kanchi quiet enclosure as lived space before foregrounding “After All Arguments.”,"Environment, labour and access relationships",40mm relational master preserving distance and power,"Kanchi: dust and depleted colour recovering through water, labour and shared food",Carry sound from the previous unit into this geography,"Prefer practical environment, crowd and object interaction; use VFX for extension or sacred discontinuity only, never as evidence.",EV-0040;EV-0041;EV-0043;EV-0153;EV-0157;EV-0162;EV-0170;EV-0176;EV-0179,AD-0010;AD-0011;AD-0016;AD-0017;AD-0072;AD-0073;AD-0080;AD-0082;AD-0087;AD-0090,[INTERPRETATION] grounded in registered evidence and decisions,DESCRIPTION_READY
SB-072-2,72,SEQ-10,FU-062,SC-014,After All Arguments,DECISION,Kanchi quiet enclosure,Ending,Stage the unit's decisive movement: Complete Manimekalai's movement from hearing doctrines to disciplined practice without declaring that history itself has ended,"The person making, resisting or receiving the consequential action",65mm listening single; reaction before assertion,"Kanchi: dust and depleted colour recovering through water, labour and shared food",Let action and listening lead; music must not pre-decide moral meaning,"Prefer practical environment, crowd and object interaction; use VFX for extension or sacred discontinuity only, never as evidence.",EV-0040;EV-0041;EV-0043;EV-0153;EV-0157;EV-0162;EV-0170;EV-0176;EV-0179,AD-0010;AD-0011;AD-0016;AD-0017;AD-0072;AD-0073;AD-0080;AD-0082;AD-0087;AD-0090,[INTERPRETATION] grounded in registered evidence and decisions,DESCRIPTION_READY
SB-072-3,72,SEQ-10,FU-062,SC-014,After All Arguments,CONSEQUENCE,Kanchi quiet enclosure,Ending,Hold the changed condition after “After All Arguments” and hand it to the next unit.,"Material consequence, witness, object or altered relationship",50mm two-plane reversal or exit,"Kanchi: dust and depleted colour recovering through water, labour and shared food",Use the registered continuous_scene transition,"Prefer practical environment, crowd and object interaction; use VFX for extension or sacred discontinuity only, never as evidence.",EV-0040;EV-0041;EV-0043;EV-0153;EV-0157;EV-0162;EV-0170;EV-0176;EV-0179,AD-0010;AD-0011;AD-0016;AD-0017;AD-0072;AD-0073;AD-0080;AD-0082;AD-0087;AD-0090,[INTERPRETATION] grounded in registered evidence and decisions,DESCRIPTION_READY
